Year,Player,Position,Team,Salary,Length of Contract,Age,G,GS,MP,FG,FGA,FG%,3P,3PA,3P%,2P,2PA,2P%,FT,FTA,FT%,ORB,DRB,TRB,AST,STL,BLK,TOV,PF,PTS,MP_1,PER,TS%,eFG%,FTr,3PAr,ORB%,DRB%,TRB%,AST%,STL%,BLK%,TOV%,USG%,ORtg,DRtg,OWS,DWS,WS,WS/48
2012-2013,Blake Griffin,Forward,Los Angeles Clippers,"$18,668,431",5,23,80,80,32.5,7.2,13.4,0.538,0.1,0.4,0.179,7.2,13.1,0.548,3.5,5.3,0.66,2.3,6,8.3,3.7,1.2,0.6,2.3,2.9,18,2598,22.4,0.572,0.541,0.397,0.026,8.7,21.5,15.2,19.9,2,1.6,12.8,25.4,114,102,6.8,3.9,10.6,0.196
2012-2013,Chris Paul,Guard,Los Angeles Clippers,"$16,441,500",5,27,70,70,33.4,5.9,12.2,0.481,1.1,3.3,0.328,4.8,8.9,0.538,4.1,4.6,0.885,0.8,3,3.7,9.7,2.4,0.1,2.3,2,16.9,2335,26.4,0.594,0.526,0.377,0.271,2.8,10.5,6.7,46.5,3.8,0.4,13.7,22.6,127,102,10.6,3.4,13.9,0.287
2012-2013,JJ Redick,Guard,Los Angeles Clippers,"$10,079,404",4,28,78,13,30.5,4.9,11.3,0.434,2.1,5.8,0.366,2.8,5.5,0.506,2.2,2.4,0.9,0.2,2,2.2,3.8,0.5,0.1,1.8,1.5,14.1,2379,14.7,0.571,0.528,0.216,0.513,0.8,7.3,4,20,0.8,0.3,12.5,20.8,111,113,4,0.5,4.5,0.091
2010-2011,DeAndre Jordan,Center,Los Angeles Clippers,"$6,500,000",4,22,80,66,25.6,2.9,4.3,0.686,0,0,0,2.9,4.3,0.688,1.2,2.7,0.452,2.6,4.6,7.2,0.5,0.5,1.8,1.3,3.2,7.1,2047,14.8,0.648,0.686,0.636,0.003,11.9,20.9,16.5,3.2,1,5.4,18.8,11.7,116,105,2.6,2.6,5.2,0.122
2011-2012,Jamal Crawford,Guard,Los Angeles Clippers,"$5,000,000",4,31,60,6,26.9,4.7,12.3,0.384,1.3,4.3,0.308,3.4,8,0.426,3.2,3.4,0.927,0.3,1.7,2,3.2,0.9,0.2,1.9,1.2,14,1613,15.7,0.506,0.438,0.28,0.353,1.1,7.5,4.3,20.5,1.8,0.7,11.8,26.6,102,109,1.6,0.7,2.3,0.069
2010-2011,Jared Dudley,Forward,Los Angeles Clippers,"$4,250,000",5,25,82,15,26.1,3.7,7.7,0.477,1.3,3.1,0.415,2.4,4.6,0.519,2,2.7,0.743,1.4,2.5,3.9,1.3,1.1,0.2,0.9,1.7,10.6,2140,15.6,0.598,0.56,0.347,0.402,6,11.2,8.6,7.6,2.1,0.7,9.6,16.9,119,111,4.2,1.4,5.6,0.126
2012-2013,Matt Barnes,Forward,Los Angeles Clippers,"$3,250,000",3,32,80,4,25.7,3.9,8.4,0.462,1.4,4.1,0.342,2.5,4.4,0.574,1.1,1.5,0.744,1.4,3.2,4.6,1.5,1,0.8,1.1,2.9,10.3,2058,15.5,0.566,0.544,0.173,0.481,6.5,14.5,10.6,9.2,2.1,2.6,11,18.1,113,103,3.5,2.8,6.3,0.146
2012-2013,Darren Collison,Guard,Los Angeles Clippers,"$1,900,000",2,25,81,47,29.3,4.2,8.9,0.471,0.6,1.7,0.353,3.6,7.3,0.498,3,3.4,0.88,0.4,2.3,2.7,5.1,1.2,0.1,2.1,1.7,12,2372,16.3,0.575,0.504,0.38,0.188,1.5,8.7,5.1,26.8,2.2,0.3,17,19.6,111,109,4,1.7,5.6,0.114
2011-2012,Willie Green,Guard,Los Angeles Clippers,"$1,375,000",3,30,53,2,17.4,2.9,6.1,0.471,0.9,2.1,0.442,1.9,4,0.486,0.9,1.1,0.857,0.3,1.2,1.5,0.8,0.4,0.1,0.6,1.4,7.6,922,13.9,0.578,0.548,0.172,0.348,1.9,8.2,5.1,7.4,1.3,0.5,8.6,19.5,110,105,1.4,0.9,2.4,0.122
2012-2013,Byron Mullens,Forward,Los Angeles Clippers,"$947,907",2,23,53,41,26.9,4.1,10.6,0.385,1.2,3.9,0.317,2.8,6.7,0.425,1.2,1.9,0.646,1.3,5,6.4,1.5,0.6,0.6,1.4,2.1,10.6,1428,12.3,0.465,0.444,0.176,0.369,5.5,22,13.5,10.1,1.2,1.8,10.9,21.7,94,110,-0.6,0.7,0.1,0.005
2012-2013,Ryan Hollins,Center,Los Angeles Clippers,"$1,186,459",1,28,60,0,11.1,1.2,1.9,0.614,0,0,0,1.2,1.9,0.614,1.1,1.5,0.75,0.8,1.5,2.3,0.2,0.1,0.6,0.7,2.2,3.4,663,11.3,0.674,0.614,0.772,0,9.1,15.7,12.5,2.4,0.5,4.3,22.4,13.6,115,105,1,0.8,1.7,0.125
2012-2013,Antawn Jamison,Forward,Los Angeles Clippers,"$1,399,507",1,36,76,6,21.5,3.5,7.6,0.464,1.1,3.1,0.361,2.4,4.5,0.535,1.2,1.8,0.691,1.4,3.3,4.8,0.7,0.4,0.3,0.7,1.6,9.4,1636,15.3,0.561,0.537,0.237,0.405,7.5,16.6,12.2,5,0.9,1,7.7,18.7,114,108,3,1.3,4.3,0.126
2009-2010,Andrew Bogut,Center,Golden State Warriors,"$10,000,000",5,25,69,69,32.3,6.9,13.2,0.52,0,0,0,6.9,13.2,0.521,2.2,3.4,0.629,3,7.1,10.2,1.8,0.6,2.5,1.9,3.2,15.9,2229,20.7,0.54,0.52,0.26,0.002,10.1,26.4,17.9,10.3,0.9,6.2,11.4,23.3,107,98,2.6,4.8,7.5,0.161
2009-2010,David Lee,Center,Golden State Warriors,"$10,800,000",6,26,81,81,37.3,8.5,15.5,0.545,0,0.1,0,8.5,15.4,0.549,3.3,4.1,0.812,2.8,8.9,11.7,3.6,1,0.5,2.3,3.2,20.2,3019,22.2,0.584,0.545,0.262,0.006,8.4,27.6,17.9,17.5,1.4,1,11.9,23.8,116,108,7.4,2.9,10.3,0.163
2012-2013,Andre Iguodala,Guard,Golden State Warriors,"$12,868,632",4,29,80,80,34.7,5,11,0.451,1.1,3.6,0.317,3.8,7.4,0.515,1.9,3.4,0.574,1,4.3,5.3,5.4,1.7,0.7,2.6,1.6,13,2779,15.2,0.52,0.502,0.307,0.327,3.4,13.5,8.5,22.4,2.5,1.5,17.1,18.8,105,105,2.4,3.2,5.6,0.097
2012-2013,Stephen Curry,Guard,Golden State Warriors,"$9,887,642",4,24,78,78,38.2,8,17.8,0.451,3.5,7.7,0.453,4.5,10.1,0.449,3.4,3.7,0.9,0.8,3.3,4,6.9,1.6,0.2,3.1,2.5,22.9,2983,21.3,0.589,0.549,0.21,0.432,2.3,9.1,5.8,31.1,2.1,0.3,13.7,26.4,115,107,8.4,2.8,11.2,0.18
2012-2013,Marreese Speights,Center,Golden State Warriors,"$3,500,000",3,25,79,3,16.5,3.3,7.4,0.445,0,0.1,0.3,3.3,7.3,0.448,1.7,2.2,0.771,1.8,3,4.9,0.6,0.3,0.7,1,2.2,8.3,1300,17.3,0.498,0.448,0.3,0.017,12.7,22.3,17.4,6.5,1,3.3,10.8,25.8,103,104,1.1,1.7,2.8,0.104
2012-2013,Jermaine O'Neal,Center,Golden State Warriors,"$2,000,000",1,34,55,4,18.7,3.3,6.7,0.482,0,0,0,3.3,6.7,0.482,1.7,2.1,0.835,1.5,3.8,5.3,0.8,0.3,1.4,1.3,2.3,8.3,1029,16.7,0.538,0.482,0.31,0,8.9,23.8,16.2,6.8,0.9,5.7,14.8,21.4,103,104,0.7,1.3,2,0.092
2012-2013,Toney Douglas,Guard,Golden State Warriors,"$1,600,000",1,26,71,0,18.2,2.6,6.6,0.403,1.2,3,0.38,1.5,3.5,0.424,1.1,1.2,0.905,0.5,1.5,1.9,2.1,1,0,1.1,2,7.5,1289,13.4,0.531,0.491,0.18,0.464,3,9.2,6.1,18.3,2.8,0.2,13.9,19.9,106,108,1.4,1,2.4,0.089
2007-2008,Emeka Okafor,Center,Phoenix Suns,"$9,537,500",6,25,82,82,33.1,5.6,10.5,0.535,0,0,0,5.6,10.5,0.535,2.6,4.6,0.57,3.1,7.6,10.7,0.9,0.8,1.7,2,2.9,13.8,2718,17.4,0.553,0.535,0.435,0,10.7,26.4,18.5,4.5,1.2,3.9,13.8,20,106,105,2.2,3.6,5.8,0.103
2010-2011,Caron Butler,Forward,Phoenix Suns,"$8,000,000",3,29,29,29,29.9,5.9,13,0.45,1,2.2,0.431,4.9,10.8,0.454,2.3,3,0.773,0.8,3.3,4.1,1.6,1,0.3,1.7,2,15,867,14.2,0.523,0.487,0.233,0.172,3.1,12.5,8,9.1,1.7,0.7,10.5,25.1,100,106,0.2,1,1.2,0.067
2011-2012,Goran Dragic,Guard,Phoenix Suns,"$7,500,000",4,25,66,28,26.5,4.2,9.1,0.462,1,3.1,0.337,3.2,6,0.525,2.3,2.9,0.805,0.8,1.7,2.5,5.3,1.3,0.2,2.4,2.5,11.7,1752,18,0.567,0.518,0.317,0.337,3.5,7.7,5.6,32.5,2.5,0.4,18.7,21.8,111,106,3.6,1.5,5.1,0.139
2009-2010,Channing Frye,Center,Phoenix Suns,"$5,200,000",5,26,81,41,27,3.9,8.7,0.451,2.1,4.8,0.439,1.8,3.8,0.466,1.2,1.5,0.81,0.8,4.5,5.3,1.4,0.8,0.9,0.9,3.2,11.2,2190,15,0.598,0.573,0.172,0.558,3.6,17.6,11,7.4,1.5,2.4,8.8,16.7,120,108,4.3,2.2,6.4,0.141
2011-2012,Gerald Green,Forward,Phoenix Suns,"$3,500,000",3,26,31,2,25.2,5,10.3,0.481,1.4,3.5,0.391,3.6,6.8,0.529,1.6,2.1,0.754,0.5,3,3.5,1.1,0.9,0.5,1.8,2.6,12.9,781,15.8,0.574,0.548,0.203,0.344,2.2,14.2,8,8.5,1.9,1.7,13.6,23.6,103,109,0.8,0.4,1.2,0.072
2010-2011,Kobe Bryant,Guard,Los Angeles Lakers,"$25,244,493",3,32,82,82,33.9,9,20,0.451,1.4,4.3,0.323,7.6,15.6,0.487,5.9,7.1,0.828,1,4.1,5.1,4.7,1.2,0.1,3,2.1,25.3,2779,23.9,0.548,0.487,0.356,0.217,3.5,13.3,8.5,26.7,1.9,0.3,11.4,35.1,111,105,6.8,3.5,10.3,0.178
2010-2011,Pau Gasol,Center,Los Angeles Lakers,"$18,714,150",3,30,82,82,37,7.2,13.7,0.529,0,0,0.333,7.2,13.6,0.53,4.3,5.2,0.823,3.3,6.9,10.2,3.3,0.6,1.6,1.7,2.5,18.8,3037,23.3,0.589,0.53,0.384,0.003,10.3,20.5,15.6,15.1,0.8,3.3,9.8,21.8,123,103,10,4.7,14.7,0.232
2011-2012,Steve Nash,Guard,Los Angeles Lakers,"$8,900,000",3,37,62,62,31.6,4.8,9,0.532,0.9,2.3,0.39,3.9,6.7,0.58,2,2.3,0.894,0.4,2.6,3,10.7,0.6,0.1,3.7,0.9,12.5,1961,20.3,0.625,0.581,0.256,0.254,1.5,9.1,5.3,53.1,1,0.3,27.1,19.6,115,110,5.2,0.6,5.9,0.144
2009-2010,Steve Blake,Guard,Los Angeles Lakers,"$4,000,000",4,29,80,38,27,2.7,6.5,0.416,1.5,3.7,0.395,1.3,2.9,0.443,0.5,0.6,0.75,0.3,2.1,2.3,4.8,0.7,0.1,1.6,1.5,7.3,2159,11.6,0.539,0.527,0.092,0.563,1.2,9.4,5.2,26.9,1.4,0.2,19.1,14.5,108,111,1.9,1.4,3.3,0.074
2011-2012,Jordan Hill,Center,Los Angeles Lakers,"$3,500,000",2,24,39,8,14.1,2.1,4.2,0.497,0,0.1,0,2.1,4.2,0.506,0.8,1.2,0.638,1.6,3.2,4.8,0.4,0.4,0.7,0.8,1.8,5,551,15.8,0.522,0.497,0.285,0.018,12.8,26.3,19.5,4.7,1.3,3.6,14.3,17.9,105,101,0.5,0.8,1.4,0.118
2012-2013,Chris Kaman,Center,Los Angeles Lakers,"$3,183,000",1,30,66,52,20.7,4.7,9.3,0.507,0,0,0,4.7,9.3,0.508,1,1.3,0.788,1.5,4.2,5.6,0.8,0.4,0.8,1.6,2.1,10.5,1363,16.3,0.529,0.507,0.138,0.002,8.1,22.1,15.2,6.6,1.1,3,13.6,25.3,98,105,0,1.6,1.6,0.058
2011-2012,Jodie Meeks,Guard,Los Angeles Lakers,"$1,500,000",2,24,66,50,24.9,2.9,7.1,0.409,1.5,4,0.365,1.4,3,0.468,1.2,1.3,0.906,0.3,2.2,2.4,0.8,0.6,0,0.4,1.2,8.4,1644,11.5,0.551,0.513,0.182,0.57,1.1,9.8,5.4,5,1.3,0.1,5.4,15.2,111,103,2.1,2,4.1,0.12
2012-2013,Nick Young,Guard,Los Angeles Lakers,"$1,106,942",2,27,59,17,23.9,3.8,9.2,0.413,1.3,3.6,0.357,2.5,5.6,0.449,1.8,2.2,0.82,0.4,1.8,2.2,1.4,0.6,0.2,0.8,1.4,10.6,1411,13.3,0.525,0.482,0.236,0.387,1.9,8.7,5.2,9.7,1.3,0.8,7.7,21.2,105,109,1.4,1,2.3,0.079
2011-2012,Jordan Farmar,Guard,Los Angeles Lakers,"$1,106,942",1,25,39,5,21.3,3.8,8.1,0.467,1.4,3.2,0.44,2.4,4.9,0.484,1.5,1.6,0.905,0.2,1.4,1.6,3.3,0.6,0.1,1.7,1.3,10.4,831,17.4,0.592,0.554,0.2,0.397,1,7.8,4.3,29,1.5,0.2,16.6,22.6,111,113,1.8,0,1.8,0.104
2012-2013,Wesley Johnson,Forward,Los Angeles Lakers,"$916,099",1,25,50,21,19.1,3.2,7.9,0.407,1,3.1,0.323,2.2,4.8,0.461,0.5,0.7,0.771,0.4,2,2.5,0.7,0.4,0.4,1,1.1,8,953,10.3,0.485,0.47,0.088,0.391,2.5,12.4,7.3,5.9,1.2,1.4,10.4,21.4,93,110,-0.5,0.5,0,0
2011-2012,Shawne Williams,Forward,Los Angeles Lakers,"$1,106,942",1,25,25,6,20.6,1.7,5.9,0.286,0.8,3.5,0.241,0.8,2.4,0.35,0.3,0.4,0.727,0.8,1.9,2.7,0.6,0.4,0.4,0.5,1.8,4.5,514,4.9,0.372,0.357,0.075,0.592,4.4,11.2,7.7,4.9,1,1.6,7.9,14.7,84,112,-0.5,0.1,-0.4,-0.041
2012-2013,Robert Sacre,Center,Los Angeles Lakers,"$788,872",3,23,32,3,6.3,0.6,1.5,0.375,0,0,0,0.6,1.5,0.375,0.2,0.3,0.636,0.3,0.8,1.1,0.2,0,0.3,0.3,1.2,1.3,203,3.4,0.407,0.375,0.229,0,5,13.2,9.2,4.3,0,3.6,15.9,13.8,83,108,-0.2,0.1,-0.1,-0.024
2010-2011,Marcus Thornton,Guard,Sacramento Kings,"$7,000,000",4,23,73,23,24.3,4.8,11.1,0.434,1.2,3.3,0.367,3.6,7.8,0.462,2,2.5,0.788,0.8,2.7,3.5,1.8,0.9,0.1,1.3,1.5,12.8,1780,17.4,0.544,0.505,0.203,0.386,4.9,6.7,5.8,9.4,2,0.5,8.8,23.4,111,112,3.7,0.1,3.8,0.103
2009-2010,John Salmons,Guard,Sacramento Kings,"$8,000,000",5,30,81,56,34.9,5.4,12.2,0.441,1.5,3.8,0.382,3.9,8.4,0.468,3.1,3.8,0.83,0.4,2.9,3.3,2.8,1.2,0.3,1.5,2,15.4,2824,14.7,0.553,0.501,0.308,0.312,1.4,9.4,5.4,12.9,1.8,0.7,9.9,19.9,110,106,3.7,3.4,7.1,0.121
2012-2013,Carl Landry,Forward,Sacramento Kings,"$6,500,000",4,29,81,2,23.2,4,7.4,0.54,0,0,0.333,4,7.4,0.541,2.8,3.4,0.817,2.2,3.7,6,0.8,0.4,0.4,1.4,2.3,10.8,1876,17.5,0.605,0.541,0.453,0.005,10.9,17.3,14.2,5.6,0.9,1.3,13.7,20,116,106,4.3,1.9,6.2,0.159
2010-2011,Chuck Hayes,Center,Sacramento Kings,"$5,250,000",4,27,74,63,28.1,3.3,6.3,0.527,0,0,0,3.3,6.2,0.529,1.3,1.9,0.662,3,5.1,8.1,2.7,1.1,0.7,1.2,2.7,7.9,2079,16.2,0.554,0.527,0.307,0.004,11.9,20.7,16.3,14.3,1.9,1.6,14.1,13,120,106,3.9,2.4,6.3,0.146
2011-2012,Jason Thompson,Forward,Sacramento Kings,"$5,250,000",5,25,64,47,25.9,3.7,6.9,0.535,0,0,0,3.7,6.9,0.537,1.7,2.8,0.602,2.6,4.3,6.9,1.2,0.7,0.7,1.1,2.3,9.1,1657,16.4,0.558,0.535,0.409,0.005,10.5,19.3,14.7,7.5,1.3,1.9,11.5,15.5,115,109,3.1,0.8,3.9,0.114
2010-2011,Travis Outlaw,Forward,Sacramento Kings,"$3,000,000",4,26,82,55,28.8,3.3,8.9,0.375,0.9,3.1,0.302,2.4,5.8,0.413,1.6,2.1,0.772,0.7,3.3,4,1,0.4,0.4,0.9,1.8,9.2,2358,8.8,0.469,0.427,0.234,0.345,2.6,14,8.1,5.8,0.8,1.2,8.1,17.3,97,112,-0.4,1.2,0.8,0.016
2010-2011,Hamady N'Diaye,Center,Sacramento Kings,"$884,293",1,24,16,0,5,0.3,0.3,0.8,0,0,0,0.3,0.3,0.8,0.4,0.8,0.5,0.1,0.3,0.4,0,0.1,0.3,0.2,1.1,0.9,80,5.3,0.681,0.8,2.4,0,2.8,7.4,5,0,1.3,4.8,22.6,7.3,107,111,0,0,0.1,0.046
2009-2010,LaMarcus Aldridge,Forward,Portland Trail Blazers,"$10,744,000",5,24,78,78,37.5,7.4,15,0.495,0.1,0.2,0.313,7.4,14.8,0.498,2.9,3.9,0.757,2.5,5.6,8,2.1,0.9,0.6,1.3,3,17.9,2922,18.2,0.535,0.497,0.26,0.014,8.1,18.6,13.3,9.9,1.3,1.3,7.4,22.9,113,107,5.5,3.3,8.8,0.145
2011-2012,Nicolas Batum,Forward,Portland Trail Blazers,"$10,450,000",4,23,59,34,30.4,4.9,10.9,0.451,1.8,4.6,0.391,3.1,6.2,0.496,2.3,2.7,0.836,1.4,3.2,4.6,1.4,1,1,1.5,1.8,13.9,1791,17.3,0.575,0.534,0.248,0.427,5.2,12.6,8.8,7.9,1.7,2.6,11.2,20.5,112,107,3.3,1.4,4.8,0.127
2009-2010,Wesley Matthews,Guard,Portland Trail Blazers,"$4,627,000",5,23,82,48,24.7,3.3,6.9,0.483,0.8,2,0.382,2.6,4.9,0.525,2,2.4,0.829,0.6,1.7,2.3,1.5,0.8,0.2,1.1,1.9,9.4,2025,12.3,0.592,0.539,0.342,0.292,3,8,5.6,9,1.6,0.6,12.5,16.5,113,108,2.6,1.9,4.6,0.108
2011-2012,Robin Lopez,Center,Portland Trail Blazers,"$4,899,293",3,23,64,0,14,1.9,4.2,0.461,0,0,0,1.9,4.2,0.461,1.6,2.2,0.714,1.4,1.9,3.3,0.3,0.3,0.9,0.7,2,5.4,895,15.2,0.526,0.461,0.52,0,11.5,14.8,13.2,3.4,1,4.8,11.5,18.9,108,105,1.2,0.9,2.1,0.115
2012-2013,Dorell Wright,Forward,Portland Trail Blazers,"$3,000,000",2,27,79,8,22.6,3,7.6,0.396,1.7,4.6,0.374,1.3,3,0.429,1.5,1.8,0.851,0.5,3.3,3.8,1.9,0.8,0.4,0.8,1.2,9.2,1783,16,0.551,0.508,0.235,0.603,2.6,17,9.6,13.1,1.8,1.5,8.8,18.7,112,105,2.8,2.1,4.9,0.132
2012-2013,Mo Williams,Guard,Portland Trail Blazers,"$2,652,000",2,30,46,46,30.8,5,11.6,0.43,1.3,3.3,0.383,3.7,8.2,0.449,1.6,1.8,0.882,0.5,1.9,2.4,6.2,1,0.2,2.7,2.3,12.9,1418,14.4,0.519,0.485,0.159,0.289,2,7.2,4.5,33.2,1.7,0.5,18,22.3,103,111,1.2,0.7,1.8,0.062
2012-2013,Earl Watson,Guard,Portland Trail Blazers,"$1,399,507",1,33,48,4,17.3,0.8,2.5,0.308,0.1,0.6,0.179,0.7,1.9,0.348,0.4,0.5,0.68,0.5,1.3,1.8,4,0.8,0.2,1.4,2,2,829,7.7,0.366,0.329,0.208,0.233,3.2,9.1,6.1,31.8,2.5,0.8,34.5,11,88,108,-0.6,0.7,0,0.001
2010-2011,Kevin Durant,Forward,Oklahoma City Thunder,"$15,506,632",5,22,78,78,38.9,9.1,19.7,0.462,1.9,5.3,0.35,7.3,14.4,0.504,7.6,8.7,0.88,0.7,6.1,6.8,2.7,1.1,1,2.8,2,27.7,3038,23.6,0.589,0.509,0.439,0.269,2.3,17.7,10.3,13.2,1.5,1.8,10.6,30.6,115,107,8.6,3.3,12,0.189
2011-2012,Russell Westbrook,Guard,Oklahoma City Thunder,"$13,688,750",5,23,66,66,35.3,8.8,19.2,0.457,0.9,3,0.316,7.8,16.2,0.482,5.2,6.3,0.823,1.5,3.1,4.6,5.5,1.7,0.3,3.6,2.2,23.6,2331,22.9,0.538,0.481,0.326,0.155,5,9.4,7.4,29.8,2.5,0.7,14.2,32.7,108,105,5.5,2.4,7.9,0.163
2012-2013,Serge Ibaka,Forward,Oklahoma City Thunder,"$12,350,000",4,23,80,80,31.1,5.6,9.7,0.573,0.3,0.7,0.351,5.3,9,0.591,1.8,2.4,0.749,2.8,4.9,7.7,0.5,0.4,3,1.6,2.7,13.2,2486,19.4,0.612,0.586,0.246,0.073,11.1,17,14.2,2.8,0.6,7.4,12.7,18.1,117,101,5.3,4.1,9.4,0.181
2009-2010,Kendrick Perkins,Center,Oklahoma City Thunder,"$6,696,720",5,25,78,78,27.6,4,6.7,0.602,0,0,0,4,6.7,0.605,2.1,3.6,0.582,2,5.6,7.6,1,0.3,1.7,2.1,2.8,10.1,2154,15,0.613,0.602,0.536,0.006,9.1,24.4,16.9,6,0.6,4.8,20.4,17.6,105,101,1.4,3.8,5.2,0.117
2009-2010,Thabo Sefolosha,Guard,Oklahoma City Thunder,"$3,250,000",4,25,82,82,28.6,2.4,5.4,0.44,0.5,1.6,0.313,1.9,3.8,0.494,0.7,1.1,0.674,0.9,3.8,4.7,1.8,1.2,0.6,1.1,1.9,6,2348,9.8,0.509,0.486,0.202,0.297,3.8,14.8,9.5,8.9,2.1,1.5,15.8,10.9,103,104,0.6,3.4,4,0.082
2010-2011,Nick Collison,Forward,Oklahoma City Thunder,"$3,272,997",4,30,63,0,20.7,1.9,3.2,0.597,0,0,0,1.9,3.2,0.6,0.7,1,0.71,1.9,2.5,4.3,1.3,0.5,0.4,1,2.4,4.5,1307,12.1,0.622,0.597,0.308,0.005,11.1,12.7,12,9.3,1.3,1.6,21.1,10,121,105,2.3,1.2,3.5,0.13
2011-2012,Hasheem Thabeet,Center,Oklahoma City Thunder,"$1,200,000",3,24,20,3,7,0.6,1.1,0.524,0,0,0,0.6,1.1,0.524,0.7,1,0.65,0.8,1.3,2.1,0,0.1,0.5,0.4,1,1.8,139,12.4,0.587,0.524,0.952,0,13.1,22.2,17.6,0,0.4,5.5,21.2,12.4,109,104,0.1,0.2,0.3,0.102
2012-2013,Derek Fisher,Guard,Oklahoma City Thunder,"$1,399,507",1,38,33,9,17.4,1.7,4.9,0.342,0.9,2.4,0.375,0.8,2.5,0.309,1.1,1.2,0.921,0.1,1.1,1.1,1.4,0.6,0.1,0.9,1.7,5.3,575,7.7,0.492,0.435,0.236,0.497,0.4,6.6,3.6,11.7,1.7,0.4,14.4,16.4,97,108,0,0.4,0.4,0.034
2011-2012,Ryan Gomes,Forward,Oklahoma City Thunder,"$1,186,459",1,29,32,2,13.3,1,3,0.326,0.1,0.9,0.138,0.8,2.1,0.409,0.3,0.3,0.727,0.4,1.5,1.9,0.4,0.5,0,0.5,1.1,2.3,425,4.4,0.371,0.347,0.116,0.305,3.9,13.3,8.5,4.1,2,0,13.1,12.5,81,107,-0.5,0.3,-0.2,-0.021
2012-2013,Ty Lawson,Guard,Denver Nuggets,"$10,786,517",4,25,73,71,34.4,6.1,13.3,0.461,1.2,3.2,0.366,5,10.1,0.491,3.2,4.3,0.756,0.5,2.2,2.7,6.9,1.5,0.1,2.5,1.8,16.7,2513,17.9,0.549,0.505,0.32,0.239,1.6,7.1,4.4,30.2,2.1,0.2,14.1,22.3,113,109,5.6,1.8,7.4,0.141
2011-2012,JaVale McGee,Center,Denver Nuggets,"$10,000,000",4,24,61,45,25.2,5,9,0.556,0,0,0,5,9,0.556,1.3,2.7,0.461,2.7,5.1,7.8,0.5,0.6,2.2,1.4,2.7,11.3,1535,19.9,0.552,0.556,0.303,0,12.1,23.3,17.7,3.5,1.2,6.6,12.2,20.7,106,101,1.9,2.2,4.1,0.127
2011-2012,Danilo Gallinari,Forward,Denver Nuggets,"$9,439,000",4,23,43,40,31.4,4.5,10.8,0.414,1.4,4.3,0.328,3.1,6.6,0.47,4.2,4.9,0.871,0.7,4,4.7,2.7,1,0.5,1.6,2,14.6,1351,16.5,0.563,0.479,0.448,0.393,2.5,14.6,8.7,13,1.6,1.3,10.9,20.7,114,107,2.9,1,3.9,0.14
2010-2011,Wilson Chandler,Forward,Denver Nuggets,"$5,516,664",5,23,72,49,33.3,6,13.2,0.45,1.6,4.4,0.35,4.4,8.8,0.501,1.8,2.2,0.807,1,4.6,5.7,1.7,0.7,1.3,1.4,2.8,15.3,2401,14.6,0.537,0.509,0.169,0.336,3.6,15.9,9.7,8.1,1,2.9,9.2,20.9,106,109,2.1,1.9,3.9,0.079
2012-2013,JJ Hickson,Center,Denver Nuggets,"$5,150,000",3,24,80,80,29,5.2,9.3,0.562,0,0,0,5.2,9.3,0.563,2.3,3.4,0.679,3.3,7,10.4,1.1,0.6,0.6,1.8,2,12.7,2323,19.7,0.591,0.562,0.36,0.003,13.2,28.5,20.7,6.6,1.1,1.7,14.4,19.9,113,106,4.6,2.3,6.9,0.142
2011-2012,Andre Miller,Guard,Denver Nuggets,"$5,000,000",3,35,66,7,27.4,3.7,8.4,0.438,0.3,1.3,0.217,3.4,7.1,0.478,2.1,2.6,0.811,0.8,2.5,3.3,6.7,1,0.1,2.7,2,9.7,1809,14.8,0.51,0.455,0.306,0.15,3.5,10.5,7.1,36.5,1.8,0.4,22,19.8,104,108,1.9,1,2.9,0.078
2012-2013,Timofey Mozgov,Center,Denver Nuggets,"$4,400,000",2,26,41,1,8.9,1.1,2.1,0.506,0,0,0,1.1,2.1,0.518,0.5,0.6,0.769,1.2,1.4,2.6,0.2,0.1,0.4,0.6,1.4,2.6,366,12.3,0.549,0.506,0.299,0.023,15.6,17.1,16.4,3.4,0.8,3.8,20.3,14.6,107,105,0.3,0.4,0.7,0.096
2010-2011,Darrell Arthur,Forward,Denver Nuggets,"$3,006,217",2,22,80,9,20.1,3.9,7.8,0.497,0,0.1,0,3.9,7.7,0.502,1.4,1.7,0.813,1.4,2.8,4.3,0.7,0.7,0.8,1.1,2.9,9.1,1609,15.7,0.534,0.497,0.215,0.01,8.5,17,12.7,5.4,1.7,3.2,11.4,21.6,106,104,1.5,2.2,3.8,0.113
2012-2013,Randy Foye,Guard,Denver Nuggets,"$3,000,000",3,29,82,72,27.4,3.6,9,0.397,2.2,5.3,0.41,1.4,3.7,0.378,1.4,1.8,0.819,0.2,1.3,1.5,2,0.8,0.3,1.1,2.3,10.8,2249,11.7,0.55,0.518,0.195,0.588,0.9,5.8,3.3,11.7,1.5,0.9,10.3,18.1,110,111,2.8,0.9,3.7,0.08
2012-2013,Nate Robinson,Guard,Denver Nuggets,"$2,016,000",2,28,82,23,25.4,4.9,11.2,0.433,1.7,4.2,0.405,3.1,7,0.45,1.6,2.1,0.799,0.4,1.9,2.2,4.4,1,0.1,1.8,2.5,13.1,2086,17.4,0.54,0.51,0.183,0.378,1.6,8.6,5.1,31.4,2.2,0.4,12.6,25.1,108,105,3.5,2.4,5.9,0.136
2011-2012,Anthony Randolph,Forward,Denver Nuggets,"$1,674,641",3,22,34,5,15.2,2.8,5.9,0.47,0,0,0,2.8,5.9,0.472,1.9,2.5,0.762,1.2,2.4,3.6,0.6,0.4,1,1.2,1.6,7.4,517,17.6,0.532,0.47,0.42,0.005,9,17.5,13.2,6.6,1.3,4.8,14.4,23.8,102,103,0.5,0.6,1.1,0.099
2011-2012,Kevin Love,Forward,Minnesota Timberwolves,"$13,668,750",4,23,55,55,39,8.6,19.3,0.448,1.9,5.1,0.372,6.7,14.1,0.475,6.9,8.4,0.824,4.1,9.2,13.3,2,0.9,0.5,2.3,2.8,26,2145,25.4,0.568,0.497,0.434,0.266,11.6,26.4,19,10,1.1,0.9,9.2,28.8,117,104,7.6,2.3,10,0.223
2012-2013,Nikola Pekovic,Center,Minnesota Timberwolves,"$12,100,000",5,27,62,62,31.6,6.2,12,0.52,0,0,0,6.2,12,0.52,3.9,5.2,0.744,3.7,5.1,8.8,0.9,0.7,0.8,1.6,2.3,16.3,1959,20.2,0.572,0.52,0.437,0,13,19,15.9,4.9,1.1,2,10.3,22.5,115,106,4.6,2.1,6.7,0.163
2012-2013,Kevin Martin,Guard,Minnesota Timberwolves,"$6,550,000",4,29,77,0,27.7,4.5,10.1,0.45,2.1,4.8,0.426,2.5,5.3,0.472,2.8,3.2,0.89,0.4,1.9,2.3,1.4,0.9,0.1,1.3,1.8,14,2136,16,0.608,0.551,0.316,0.477,1.8,7.4,4.8,7.9,1.7,0.3,10.2,21,117,107,5,2,7,0.157
2012-2013,Chase Budinger,Forward,Minnesota Timberwolves,"$5,000,000",3,24,23,1,22.1,3.4,8.3,0.414,1.1,3.5,0.321,2.3,4.8,0.482,1.4,1.8,0.762,0.7,2.4,3.1,1.1,0.6,0.3,1,1.3,9.4,508,12.6,0.516,0.482,0.22,0.424,3.3,13,8,8.3,1.4,1.1,9.9,20.5,102,107,0.3,0.4,0.7,0.066
2010-2011,JJ Barea,Guard,Minnesota Timberwolves,"$4,300,000",4,26,81,2,20.6,3.5,8,0.439,0.8,2.3,0.349,2.7,5.7,0.476,1.6,1.9,0.847,0.4,1.6,2,3.9,0.4,0,1.7,1.7,9.5,1669,14.8,0.535,0.49,0.242,0.291,2.1,8.8,5.6,31.2,0.9,0,15.9,23.9,106,109,1.9,1.4,3.2,0.093
2010-2011,Luc Richard Mbah a Moute,Forward,Minnesota Timberwolves,"$4,573,519",4,24,79,52,26.5,2.5,5.4,0.463,0,0.1,0,2.5,5.3,0.47,1.7,2.4,0.707,2.1,3.2,5.3,0.9,0.9,0.4,1,2.3,6.7,2093,11.5,0.518,0.463,0.439,0.016,9.2,14.3,11.7,5.3,1.8,1.1,13.1,13.1,107,103,1.5,3.3,4.8,0.109
2012-2013,Corey Brewer,Forward,Minnesota Timberwolves,"$4,500,000",3,26,82,2,24.4,4.6,10.8,0.425,1.1,3.7,0.296,3.5,7,0.493,1.8,2.6,0.69,0.7,2.2,2.9,1.5,1.4,0.3,1.2,1.9,12.1,2003,14.7,0.506,0.476,0.245,0.348,3.1,9.9,6.6,9.5,3,0.9,9.4,23.4,104,105,1.7,2.2,3.9,0.093
2010-2011,Dante Cunningham,Forward,Minnesota Timberwolves,"$2,000,000",3,23,78,18,21,2.8,6.1,0.462,0,0.2,0.077,2.8,5.9,0.473,0.6,0.8,0.726,1.2,2.3,3.6,0.6,0.7,0.6,0.7,2.3,6.2,1637,10.7,0.483,0.463,0.131,0.028,6.9,13.9,10.3,4.3,1.8,2.2,9.3,15.7,101,107,0.3,1.7,2,0.06
2012-2013,Ronny Turiaf,Center,Minnesota Timberwolves,"$1,500,000",2,30,65,0,10.8,0.8,1.5,0.505,0,0,0,0.8,1.5,0.505,0.4,1,0.365,0.7,1.6,2.3,0.5,0.3,0.5,0.4,1.2,1.9,701,9.4,0.485,0.505,0.649,0,7.8,17.9,12.9,6.8,1.4,4.2,18.9,10,99,103,0.1,1,1.1,0.075
2012-2013,A.J. Price,Guard,Minnesota Timberwolves,"$947,907",1,26,57,22,22.4,2.8,7.2,0.39,1.2,3.5,0.35,1.6,3.7,0.427,0.9,1.1,0.79,0.4,1.6,2,3.6,0.6,0.1,1.1,1.3,7.7,1278,12.4,0.501,0.475,0.15,0.484,1.7,8.2,4.9,26.4,1.3,0.2,12.7,18,105,107,1,1.2,2.2,0.084
2009-2010,Richard Jefferson,Forward,Utah Jazz,"$8,400,000",4,29,81,70,31.1,4.5,9.6,0.467,0.7,2.3,0.316,3.7,7.3,0.515,2.6,3.5,0.735,0.7,3.7,4.4,2,0.6,0.5,1.3,2.2,12.3,2520,13.1,0.551,0.505,0.37,0.241,2.7,13.6,8.3,9.6,0.9,1.1,10.4,18.3,110,106,3,3,6,0.113
2007-2008,Andris Biedrins,Center,Utah Jazz,"$9,000,000",6,21,76,59,27.3,4.5,7.1,0.626,0,0,0,4.5,7.1,0.626,1.5,2.5,0.62,3.4,6.4,9.8,1,0.7,1.2,1.1,3.4,10.5,2078,19.2,0.637,0.626,0.344,0,12.7,26.2,19.1,5.2,1.3,3.3,12,14.4,127,106,5.4,2.6,8,0.185
2008-2009,Marvin Williams,Forward,Utah Jazz,"$7,500,000",5,22,61,59,34.3,4.7,10.2,0.458,0.9,2.5,0.355,3.8,7.7,0.493,3.6,4.5,0.806,1.8,4.5,6.3,1.3,0.9,0.6,1.1,2.1,13.9,2093,16,0.569,0.502,0.439,0.249,6.2,15.2,10.7,6.3,1.5,1.4,8.6,18.2,117,108,3.9,2.2,6.1,0.14
2011-2012,Brandon Rush,Forward,Utah Jazz,"$4,000,000",2,26,65,1,26.4,3.6,7.2,0.501,1.5,3.4,0.452,2.1,3.8,0.544,1,1.3,0.793,0.5,3.4,3.9,1.4,0.5,0.9,1,1,9.8,1717,15.2,0.628,0.607,0.175,0.467,2.2,14.4,8.3,7.9,1.1,2.6,11.9,15.4,115,110,2.9,0.6,3.5,0.099
2011-2012,Jeremy Evans,Forward,Utah Jazz,"$1,794,872",3,24,29,0,7.5,0.9,1.4,0.643,0,0,0,0.9,1.4,0.659,0.3,0.6,0.5,0.7,1.1,1.7,0.4,0.2,0.8,0.2,0.8,2.1,217,19.6,0.632,0.643,0.381,0.024,9.9,16.6,13.2,9.1,1.5,8.8,9.3,11.2,131,101,0.6,0.3,0.9,0.193
2012-2013,John Lucas,Guard,Utah Jazz,"$1,600,000",1,30,63,0,13.1,2,5.3,0.386,0.9,2.4,0.377,1.1,2.9,0.393,0.3,0.4,0.72,0.1,0.9,1,1.7,0.4,0,0.4,0.8,5.3,827,12.8,0.483,0.472,0.075,0.452,1.1,8.3,4.7,21.5,1.5,0.1,7,20.8,104,111,0.7,0.3,1.1,0.061
2012-2013,Mike Harris,Forward,Utah Jazz,"$916,099",1,27,4,0,4,0.8,1.5,0.5,0,0,0,0.8,1.5,0.5,0.5,1,0.5,0.5,0.8,1.3,0.3,0,0.3,0.3,0.5,2,16,17.9,0.515,0.5,0.667,0,14.1,21.3,17.7,10.2,0,4.3,11.4,24.2,107,108,0,0,0,0.102
2011-2012,Roy Hibbert,Center,Indiana Pacers,"$13,668,750",4,25,65,65,29.8,5.1,10.3,0.497,0,0,0,5.1,10.3,0.498,2.6,3.7,0.711,3.3,5.5,8.8,1.7,0.5,2,2,3,12.8,1937,19.3,0.539,0.497,0.358,0.001,12.5,20.7,16.6,9.9,0.9,5.2,14.2,21.1,109,101,3.2,3,6.2,0.154
2008-2009,Danny Granger,Forward,Indiana Pacers,"$9,930,500",5,25,67,66,36.2,8.5,19.1,0.447,2.7,6.7,0.404,5.8,12.3,0.47,6,6.9,0.878,0.7,4.4,5.1,2.7,1,1.4,2.5,3.1,25.8,2424,21.8,0.584,0.518,0.36,0.352,2.2,13.4,7.7,13.1,1.4,3,10,29.6,114,109,5.6,2.4,8,0.158
2012-2013,David West,Forward,Indiana Pacers,"$12,000,000",3,32,73,73,33.4,6.9,13.8,0.498,0.1,0.3,0.211,6.8,13.6,0.503,3.3,4.3,0.768,2,5.7,7.7,2.9,1,0.9,2.2,2,17.1,2435,20.1,0.545,0.5,0.312,0.019,6.8,18.8,12.9,16.8,1.6,2.1,12,24.4,110,99,4.4,4.7,9.1,0.179
2011-2012,George Hill,Guard,Indiana Pacers,"$8,000,000",5,25,50,9,25.5,3.4,7.6,0.442,1.1,2.9,0.367,2.3,4.7,0.489,1.8,2.3,0.778,0.6,2.4,3,2.9,0.8,0.3,1,2,9.6,1274,15.7,0.557,0.513,0.308,0.387,2.8,10.5,6.7,18.8,1.7,1.1,10.8,17.2,117,105,2.8,1.3,4,0.152
2011-2012,Luis Scola,Forward,Indiana Pacers,"$4,148,510",3,31,66,66,31.3,6.6,13.5,0.491,0,0,0,6.6,13.4,0.493,2.3,3,0.773,1.8,4.6,6.5,2.1,0.5,0.4,2.3,3.2,15.5,2067,15.4,0.526,0.491,0.223,0.003,6.8,17.3,12,12,0.9,0.9,13.6,24.8,102,107,1.8,1.6,3.4,0.08
2011-2012,Ian Mahinmi,Center,Indiana Pacers,"$4,000,000",4,25,61,12,18.7,2.1,3.9,0.546,0,0,0,2.1,3.9,0.549,1.5,2.4,0.639,1.8,3,4.7,0.2,0.6,0.5,0.8,2.9,5.8,1139,13.5,0.585,0.546,0.618,0.004,10.7,17.7,14.3,1.7,1.8,2.2,14.2,14.4,113,101,1.7,1.7,3.4,0.144
2012-2013,Chris Copeland,Forward,Indiana Pacers,"$3,000,000",2,28,56,13,15.4,3.3,6.8,0.479,1.1,2.5,0.421,2.2,4.3,0.513,1.1,1.5,0.759,0.6,1.5,2.1,0.5,0.3,0.2,0.9,1.9,8.7,862,16.8,0.583,0.557,0.218,0.368,4.5,11.9,8.1,5.7,1,1.2,10.7,25.3,110,109,1.5,0.6,2.1,0.117
2012-2013,C.J. Watson,Guard,Indiana Pacers,"$2,016,000",2,28,80,8,19,2.4,5.7,0.418,1.1,2.7,0.411,1.3,3.1,0.424,0.9,1.1,0.78,0.5,1.3,1.8,2,0.8,0.2,0.9,1.5,6.8,1521,13.9,0.544,0.514,0.198,0.466,2.9,8.4,5.6,17.2,2.3,0.6,12.1,17.2,113,107,2.5,1.3,3.8,0.12
2012-2013,Donald Sloan,Guard,Indiana Pacers,"$884,293",2,25,23,0,11.4,1.2,3.4,0.346,0.3,0.8,0.368,0.9,2.6,0.339,0.9,1.1,0.8,0.1,1.1,1.2,1.7,0.2,0,0.6,0.7,3.5,263,9.6,0.455,0.391,0.321,0.244,1.3,11.5,6.2,22,1,0,13.6,17.5,99,113,0,0,0.1,0.017
2012-2013,Josh Smith,Forward,Detroit Pistons,"$13,500,000",4,27,76,76,35.3,7.2,15.6,0.465,0.8,2.6,0.303,6.4,12.9,0.498,2.2,4.2,0.517,1.8,6.7,8.4,4.2,1.2,1.8,3,2.3,17.5,2683,17.7,0.501,0.491,0.272,0.17,5.8,21.3,13.6,20.9,1.8,3.9,14.6,26.7,97,101,-0.3,4.5,4.2,0.075
2008-2009,Charlie Villanueva,Forward,Detroit Pistons,"$6,500,000",5,24,78,47,26.9,6.2,14,0.447,1.1,3.3,0.345,5.1,10.7,0.479,2.6,3.1,0.838,2,4.7,6.7,1.8,0.6,0.7,1.8,3.3,16.2,2095,18.6,0.529,0.488,0.22,0.237,8.3,21.6,14.7,12.4,1.2,2.2,10.4,28.5,106,106,2.2,2.7,4.9,0.112
2010-2011,Rodney Stuckey,Guard,Detroit Pistons,"$8,500,000",3,24,70,54,31.2,5.2,11.8,0.439,0.4,1.3,0.289,4.8,10.5,0.457,4.7,5.4,0.866,1,2.1,3.1,5.2,1.1,0.1,2.2,2.5,15.5,2183,18.4,0.544,0.455,0.461,0.109,3.7,8.6,6,27.5,1.9,0.4,13.5,24.5,112,114,4.4,0.6,5,0.111
2012-2013,Brandon Jennings,Guard,Detroit Pistons,"$7,655,503",3,22,66,66,35.3,7.1,17,0.418,2,5.9,0.332,5.2,11.1,0.464,2.9,3.6,0.808,0.7,2.7,3.4,5.5,1.6,0.3,2.2,1.7,19.1,2331,18.4,0.514,0.476,0.213,0.346,2.3,8.6,5.3,26.7,2.3,0.7,10.6,25.9,106,107,3.8,1.8,5.5,0.114
2009-2010,Jonas Jerebko,Forward,Detroit Pistons,"$4,500,000",4,22,80,73,27.9,3.6,7.5,0.481,0.5,1.4,0.313,3.2,6.1,0.52,1.6,2.2,0.71,2.4,3.6,6,0.7,1,0.4,1,2.9,9.3,2232,13.9,0.545,0.511,0.292,0.191,9.9,16.5,13,4.2,1.9,1.1,10.8,15.7,113,111,2.9,1.5,4.4,0.095
2012-2013,Will Bynum,Guard,Detroit Pistons,"$2,790,343",2,30,65,0,18.8,3.9,8.3,0.469,0.4,1.2,0.316,3.5,7.1,0.494,1.6,2,0.809,0.4,1.1,1.5,3.6,0.7,0.1,1.9,2,9.8,1219,16.6,0.532,0.491,0.243,0.141,2.6,6.6,4.6,34.8,2,0.3,17.3,27,103,111,1.2,0.5,1.7,0.067
2012-2013,Chauncey Billups,Guard,Detroit Pistons,"$2,500,000",1,36,22,22,19,2.4,6,0.402,1.5,4.1,0.367,0.9,1.9,0.476,2,2.2,0.938,0.1,1.4,1.5,2.2,0.5,0,1.2,1.1,8.4,418,15,0.601,0.527,0.364,0.682,0.6,8.4,4.6,17.4,1.5,0.2,14.5,19.6,117,108,1,0.3,1.3,0.146
2012-2013,Josh Harrellson,Center,Detroit Pistons,"$884,293",2,23,6,0,5.2,0.7,1.5,0.444,0.2,0.8,0.2,0.5,0.7,0.75,0.2,0.3,0.5,0.5,0.7,1.2,0,0.2,0.2,0.5,0.7,1.7,31,8.5,0.506,0.5,0.222,0.556,12.6,15,13.9,0,1.7,2.6,23.3,19.9,87,104,0,0,0,0.002
2011-2012,Derrick Rose,Guard,Chicago Bulls,"$16,402,552",5,23,39,39,35.3,7.7,17.8,0.435,1.4,4.4,0.312,6.4,13.4,0.475,5,6.1,0.812,0.7,2.7,3.4,7.9,0.9,0.7,3.1,1.3,21.8,1375,23,0.532,0.473,0.344,0.249,2.1,8.4,5.3,40.3,1.4,1.4,12.9,30.5,112,101,4.1,2,6,0.211
2009-2010,Carlos Boozer,Forward,Chicago Bulls,"$14,400,000",5,28,78,78,34.3,7.9,14.1,0.562,0,0,0,7.9,14.1,0.562,3.7,4.9,0.742,2.3,8.9,11.2,3.2,1.1,0.5,2.7,3.5,19.5,1948,19.7,0.549,0.532,0.163,0.001,6.7,25.3,16.1,11.8,1.7,0.9,11.3,23.8,108,95,3.3,4.3,7.6,0.187
2007-2008,Luol Deng,Forward,Chicago Bulls,"$9,385,000",6,22,63,59,33.8,6.8,14.2,0.479,0.1,0.3,0.364,6.7,13.9,0.482,3.2,4.2,0.77,2.2,4.1,6.3,2.5,0.9,0.5,1.9,1.9,17,2128,17,0.528,0.483,0.296,0.025,7,14.2,10.4,13.2,1.4,1.1,10.6,23.6,107,109,2.4,1.9,4.4,0.098
2010-2011,Joakim Noah,Center,Chicago Bulls,"$9,658,537",5,25,48,48,32.8,4.4,8.4,0.525,0,0,0,4.4,8.4,0.526,2.9,3.9,0.739,3.8,6.6,10.4,2.2,1,1.5,1.9,3.3,11.7,1576,18.8,0.579,0.525,0.468,0.002,13.9,22.8,18.5,10.7,1.6,3.5,15.7,16.8,117,97,3.1,3.6,6.7,0.205
2012-2013,Taj Gibson,Forward,Chicago Bulls,"$7,550,000",4,27,65,5,22.4,3.3,6.8,0.485,0,0.1,0,3.3,6.7,0.49,1.4,2,0.679,1.9,3.4,5.3,0.9,0.4,1.4,1.2,2.6,8,1459,14.4,0.518,0.485,0.297,0.009,9.7,17.5,13.6,7.1,1,4.7,13.2,18.1,104,101,1,2.3,3.3,0.109
2011-2012,Kirk Hinrich,Guard,Chicago Bulls,"$3,941,000",2,31,48,31,25.8,2.5,6.1,0.414,1,2.8,0.346,1.6,3.3,0.472,0.5,0.7,0.781,0.2,1.9,2.1,2.8,0.8,0.2,1.2,2.1,6.6,1237,9.2,0.511,0.493,0.108,0.461,1.1,8.5,4.8,16.3,1.6,0.7,15.8,13.9,100,104,0.4,1.4,1.8,0.069
2012-2013,Mike Dunleavy,Forward,Chicago Bulls,"$3,183,000",2,32,75,3,25.9,3.7,8.3,0.442,1.7,4,0.428,2,4.3,0.455,1.4,1.7,0.82,0.4,3.5,3.9,1.9,0.5,0.5,1.2,1.8,10.5,1943,13.6,0.577,0.545,0.205,0.479,1.7,14.9,8,11.5,1,1.3,11.7,17.3,111,107,2.7,1.7,4.4,0.109
2012-2013,Nazr Mohammed,Center,Chicago Bulls,"$1,399,507",1,35,63,12,11,1,2.9,0.367,0,0,0,1,2.8,0.371,0.5,0.7,0.723,1.2,1.9,3.1,0.4,0.3,0.5,0.4,1.5,2.6,693,10.8,0.414,0.367,0.261,0.011,12,20.4,16.2,5.8,1.6,3.5,10.7,14.9,97,100,0,1.2,1.2,0.082
2012-2013,Richard Hamilton,Guard,Chicago Bulls,"$333,333",3,34,50,45,21.8,4.1,9.5,0.429,0.3,1,0.308,3.8,8.5,0.444,1.3,1.5,0.857,0.3,1.3,1.7,2.4,0.5,0.1,1.7,1.9,9.8,697,13.2,0.5,0.479,0.119,0.148,3.3,7.2,5.3,21,0.9,0.1,13.1,24.5,101,104,0.5,0.8,1.3,0.092
2011-2012,Andrew Bynum,Guard,Cleveland Cavaliers,"$12,250,000",2,24,60,60,35.2,7.4,13.3,0.558,0,0.1,0.2,7.4,13.2,0.56,3.9,5.6,0.692,3.2,8.6,11.8,1.4,0.5,1.9,2.5,1.7,18.7,2112,22.9,0.594,0.558,0.425,0.006,10.6,26.1,18.7,7.4,0.7,4,13.9,23.8,112,100,4.8,3.3,8,0.183
2008-2009,Anderson Varejao,Forward,Cleveland Cavaliers,"$6,300,000",6,26,81,42,28.5,3.3,6.2,0.536,0,0,0,3.3,6.2,0.538,1.9,3.1,0.616,2,5.1,7.2,1,0.9,0.8,1,3,8.6,2306,14.6,0.565,0.536,0.496,0.004,8.9,20.6,15,5.4,1.8,2.3,11.5,14.2,116,100,3.3,4.7,8,0.166
2012-2013,Jarrett Jack,Guard,Cleveland Cavaliers,"$6,300,000",4,29,79,4,29.7,4.9,10.8,0.452,1,2.6,0.404,3.9,8.3,0.466,2.1,2.5,0.843,0.3,2.8,3.1,5.6,0.8,0.1,2,1.7,12.9,2349,15.9,0.542,0.499,0.231,0.237,1,10.1,5.7,29.9,1.3,0.4,14.3,21,110,108,3.9,1.8,5.6,0.115
2012-2013,Earl Clark,Forward,Cleveland Cavaliers,"$4,250,000",2,25,59,36,23.1,2.9,6.5,0.44,0.6,1.8,0.337,2.3,4.8,0.479,0.9,1.3,0.697,1.4,4.1,5.5,1.1,0.6,0.7,1.1,1.7,7.3,1363,12.4,0.51,0.486,0.197,0.269,6.8,19.1,13.1,7.4,1.3,2.3,12.9,15.7,103,105,0.7,1.5,2.3,0.08
2011-2012,Alonzo Gee,Guard,Cleveland Cavaliers,"$3,500,000",3,24,63,31,29,3.6,8.7,0.412,0.7,2.2,0.321,2.9,6.6,0.442,2.7,3.4,0.788,1.6,3.5,5.1,1.8,1.3,0.3,1.8,2.4,10.6,2541,10.5,0.505,0.456,0.276,0.294,3.3,11.7,7.3,8.2,2.2,0.9,13.7,16.9,99,110,0.5,1.5,1.9,0.036
2011-2012,C.J. Miles,Guard,Cleveland Cavaliers,"$2,225,000",2,24,56,14,20.4,3.2,8.3,0.381,0.8,2.7,0.307,2.3,5.6,0.416,1.9,2.4,0.794,0.5,1.6,2.1,1.2,0.8,0.3,0.9,2.2,9.1,1145,12.4,0.484,0.43,0.292,0.323,2.7,9,5.8,9.6,2.1,1.3,9.2,22.7,101,108,0.7,0.8,1.5,0.063
2012-2013,O.J. Mayo,Guard,Milwaukee Bucks,"$8,000,000",3,25,82,82,35.5,5.6,12.5,0.449,1.7,4.3,0.407,3.9,8.3,0.471,2.3,2.8,0.82,0.4,3.1,3.5,4.4,1.1,0.3,2.6,2.4,15.3,2913,13.9,0.556,0.519,0.227,0.34,1.4,9.6,5.6,19.4,1.6,0.6,15.7,20.9,104,109,2.3,1.8,4.2,0.069
2011-2012,Ersan Ilyasova,Forward,Milwaukee Bucks,"$7,900,000",5,24,60,41,27.6,4.9,10,0.492,0.9,1.9,0.455,4.1,8.1,0.501,2.4,3.1,0.781,3.3,5.6,8.8,1.2,0.7,0.7,1.3,2.2,13,1655,20.5,0.577,0.535,0.307,0.188,12.7,22.8,17.6,7,1.3,2,10.1,20.1,118,103,4.4,2,6.4,0.185
2012-2013,Zaza Pachulia,Center,Milwaukee Bucks,"$5,200,000",3,28,52,15,21.8,2.2,4.6,0.473,0,0.1,0,2.2,4.6,0.479,1.5,2,0.757,2.5,3.9,6.5,1.5,0.7,0.2,1.3,2.5,5.9,1134,13.1,0.534,0.473,0.427,0.012,13.5,20.3,17,10.3,1.6,0.8,19.6,14.6,108,104,1.2,1.5,2.7,0.116
2009-2010,Luke Ridnour,Guard,Milwaukee Bucks,"$4,000,000",4,28,82,0,21.5,4,8.4,0.478,0.8,2.2,0.381,3.2,6.2,0.513,1.5,1.7,0.907,0.3,1.5,1.7,4,0.7,0.1,1.3,2.2,10.4,1759,17.7,0.57,0.528,0.204,0.264,1.5,8.1,4.6,31.9,1.6,0.3,12.4,22,116,106,4,2.2,6.2,0.168
2012-2013,Gary Neal,Guard,Milwaukee Bucks,"$3,250,000",2,28,68,17,21.8,3.6,8.8,0.412,1.3,3.7,0.355,2.3,5.1,0.454,0.9,1.1,0.865,0.2,1.9,2.1,1.9,0.4,0,1,1.4,9.5,1484,11.5,0.512,0.487,0.124,0.42,1.1,9.6,5.6,13.5,1,0.1,9.9,21.7,99,106,0.4,1.5,1.9,0.06
2012-2013,Carlos Delfino,Forward,Milwaukee Bucks,"$3,250,000",2,30,67,5,25.2,3.7,9.3,0.405,2.4,6.3,0.375,1.4,3,0.467,0.7,0.8,0.857,0.3,3,3.3,2,1,0.1,1.1,1.7,10.6,1689,13.3,0.549,0.532,0.09,0.679,1.2,13.4,7.4,12.5,2,0.4,10,18.6,109,107,2,1.5,3.5,0.101
2011-2012,Ishmael Smith,Guard,Milwaukee Bucks,"$910,491",3,23,26,1,9,1.2,3.1,0.383,0.1,0.3,0.333,1.1,2.8,0.389,0.3,0.4,0.7,0.3,1.1,1.3,1.6,0.6,0.1,0.5,0.6,2.8,234,14.1,0.422,0.401,0.123,0.111,3.4,13.9,8.6,29.2,3.4,0.7,13.2,19.6,96,103,0,0.3,0.3,0.062
2011-2012,Khris Middleton,Guard,Milwaukee Bucks,"$473,604",3,21,27,0,17.6,2.3,5.2,0.44,0.5,1.7,0.311,1.8,3.6,0.5,1,1.2,0.844,0.1,1.7,1.9,1,0.6,0.1,0.4,2,6.1,75,11.4,0.532,0.489,0.227,0.319,1,11.4,6.1,9.5,1.7,0.7,6.6,15.9,111,110,0.6,0.3,0.9,0.089
2009-2010,Chris Bosh,Center,Miami Heat,"$14,500,000",6,25,70,70,36.1,8.6,16.5,0.518,0.1,0.3,0.364,8.5,16.2,0.521,6.7,8.4,0.797,2.9,7.9,10.8,2.4,0.6,1,2.4,2.4,24,2526,25,0.592,0.522,0.509,0.019,9.9,25.2,17.7,11.5,0.9,2.1,10.7,28.7,117,111,7.9,1.7,9.6,0.182
2009-2010,LeBron James,Forward,Miami Heat,"$14,500,000",6,25,76,76,39,10.1,20.1,0.503,1.7,5.1,0.333,8.4,15,0.56,7.8,10.2,0.767,0.9,6.4,7.3,8.6,1.6,1,3.4,1.6,29.7,2966,31.1,0.604,0.545,0.506,0.253,3,18.5,11.1,41.8,2.2,2,12.3,33.5,121,102,13.3,5.2,18.5,0.299
2009-2010,Dwyane Wade,Guard,Miami Heat,"$14,000,000",6,28,77,77,36.3,9.3,19.6,0.476,0.9,3.2,0.3,8.4,16.5,0.509,6.9,9.1,0.761,1.4,3.5,4.8,6.5,1.8,1.1,3.3,2.4,26.6,2792,28,0.562,0.5,0.465,0.161,4.5,11.1,7.8,36.4,2.7,2.4,12.2,34.9,113,103,8.5,4.6,13,0.224
2009-2010,Udonis Haslem,Forward,Miami Heat,"$4,340,000",5,29,78,0,27.9,4,8.1,0.494,0,0,0,4,8.1,0.494,1.9,2.5,0.762,2.1,5.9,8.1,0.7,0.4,0.3,1,2.2,9.9,2177,14.6,0.538,0.494,0.305,0,9.1,24.8,17,3.9,0.7,0.9,9.5,17.1,111,104,2.8,3.2,6,0.132
2010-2011,Mario Chalmers,Guard,Miami Heat,"$4,000,000",3,24,70,28,22.6,2.2,5.5,0.399,1.2,3.3,0.359,1,2.2,0.459,0.8,0.9,0.871,0.2,1.9,2.1,2.5,1.1,0.1,1.3,2.3,6.4,1825,13,0.578,0.549,0.203,0.522,1.1,9.8,5.6,19,2.8,0.5,20.7,17.4,104,101,1.5,2.8,4.3,0.112
2009-2010,Joel Anthony,Center,Miami Heat,"$3,300,000",5,27,80,16,16.5,1,2,0.478,0,0,0,1,2,0.478,0.8,1.2,0.717,1.5,1.6,3.1,0.2,0.3,1.4,0.6,2,2.7,1322,10.2,0.546,0.478,0.579,0,11,11.1,11.1,1.3,0.8,6.7,18.4,8.7,112,103,1,2,3.1,0.111
2010-2011,Shane Battier,Forward,Miami Heat,"$3,000,000",3,32,82,59,29,2.8,6.2,0.45,1.2,3.3,0.382,1.5,3,0.525,0.8,1.1,0.688,1.1,3.5,4.5,2.3,0.8,1,1,1.9,7.6,2375,12.3,0.567,0.55,0.183,0.525,4.4,13.7,9,11.1,1.5,2.4,12.6,11.7,115,108,2.9,2.2,5.1,0.103
2011-2012,Ray Allen,Guard,Miami Heat,"$3,090,000",2,36,46,42,34,4.9,10.7,0.458,2.3,5.1,0.453,2.6,5.6,0.463,2.1,2.3,0.915,0.3,2.8,3.1,2.4,1.1,0.2,1.5,1.8,14.2,1565,14.8,0.607,0.566,0.215,0.475,1.1,9.2,5.3,11.8,1.7,0.4,11.2,18.6,111,101,2.5,2.2,4.7,0.145
2011-2012,Rashard Lewis,Forward,Miami Heat,"$1,352,181",2,32,28,15,26,3,7.9,0.385,0.6,2.4,0.239,2.5,5.5,0.448,1.1,1.3,0.838,1.2,2.7,3.9,1,0.8,0.4,1.1,1.8,7.8,729,9.3,0.457,0.421,0.167,0.303,5.2,11.7,8.4,5.7,1.6,1.1,11.9,16.5,94,108,-0.2,0.4,0.3,0.018
2012-2013,Chris Andersen,Center,Miami Heat,"$1,399,507",2,34,42,0,14.9,1.7,2.9,0.577,0,0.1,0.667,1.6,2.9,0.575,1.5,2.2,0.677,1.4,2.7,4.1,0.4,0.4,1,0.6,2.1,4.9,624,17.4,0.631,0.585,0.756,0.024,11.9,21.5,17,4,1.4,5.8,12.8,14.4,125,100,1.6,1.1,2.7,0.207
2009-2010,Greg Oden,Center,Miami Heat,"$1,027,424",1,22,21,21,23.9,4.4,7.2,0.605,0,0,0,4.4,7.2,0.605,2.3,3,0.766,3,5.4,8.5,0.9,0.4,2.3,1.9,4,11.1,502,23.1,0.647,0.605,0.421,0,15.6,28.3,21.9,6.7,0.9,7.7,17.8,20.7,118,100,1.3,1,2.2,0.214
2012-2013,Michael Beasley,Forward,Miami Heat,"$1,027,424",1,24,75,20,20.7,4.1,10.2,0.405,0.6,1.9,0.313,3.5,8.3,0.426,1.3,1.7,0.746,0.7,3.1,3.8,1.5,0.4,0.5,1.9,1.4,10.1,1554,10.8,0.462,0.434,0.164,0.188,3.7,17.2,10.3,12.5,1,1.6,14.9,27.6,87,109,-2.5,1,-1.5,-0.047
2011-2012,Jarvis Varnado,Forward,Miami Heat,"$473,604",1,24,13,0,4.5,0.2,0.5,0.429,0,0,0,0.2,0.5,0.429,0.2,0.3,0.5,0.2,0.5,0.7,0.2,0.1,0.2,0.5,0.8,0.6,58,1.2,0.457,0.429,0.571,0,4.4,14,9.4,7.2,0.9,2.8,40.7,12.1,68,105,-0.1,0.1,-0.1,-0.059
2010-2011,Al Horford,Center,Atlanta Hawks,"$9,658,537",4,24,77,77,35.1,6.7,12,0.557,0,0.1,0.5,6.6,11.9,0.557,1.9,2.4,0.798,2.4,7,9.3,3.5,0.8,1,1.5,2.5,15.3,2704,20.7,0.587,0.558,0.204,0.004,8.2,23.7,16,17.5,1.2,2.3,10.6,19.7,118,105,6.4,3.7,10.1,0.179
2012-2013,Paul Millsap,Forward,Atlanta Hawks,"$9,500,000",2,27,78,78,30.4,5.5,11.2,0.49,0.2,0.5,0.333,5.3,10.7,0.498,3.4,4.6,0.742,2.3,4.8,7.1,2.6,1.3,1,1.8,3,14.6,2375,19.8,0.55,0.498,0.407,0.045,8.6,18.8,13.7,14.5,2.3,2.7,11.8,22.4,112,104,4.8,2.9,7.6,0.154
2012-2013,Jeff Teague,Guard,Atlanta Hawks,"$8,000,000",4,24,80,78,32.9,5.5,12.2,0.451,1.1,3.1,0.359,4.4,9.1,0.482,2.5,2.8,0.881,0.3,1.9,2.3,7.2,1.5,0.4,2.9,2.3,14.6,2628,16.8,0.543,0.496,0.232,0.255,1.1,6.7,3.9,36.1,2.3,0.8,17.6,23,106,106,3.5,2.6,6.1,0.111
2012-2013,Kyle Korver,Forward,Atlanta Hawks,"$6,760,563",4,30,65,7,22.6,2.7,6.3,0.432,1.8,4.2,0.435,0.9,2.2,0.426,0.8,1,0.833,0.4,2,2.4,1.7,0.6,0.2,0.8,1.7,8.1,1469,13.6,0.6,0.575,0.16,0.658,2,9.9,6,11.7,1.3,0.7,10.7,15.3,120,101,3.1,2.1,5.3,0.172
2011-2012,Louis Williams,Guard,Atlanta Hawks,"$5,000,000",3,25,64,0,26.3,5,12.2,0.407,1.3,3.6,0.362,3.7,8.6,0.425,3.7,4.6,0.812,0.5,2,2.4,3.5,0.8,0.3,1.1,1.4,14.9,1682,20.2,0.525,0.46,0.373,0.293,2,8.3,5.1,22.4,1.7,0.8,7.2,27.4,110,102,3.9,2.2,6.1,0.174
2012-2013,Elton Brand,Center,Atlanta Hawks,"$4,000,000",1,33,72,18,21.2,3.1,6.6,0.473,0,0,0,3.1,6.6,0.474,0.9,1.3,0.71,1.8,4.2,6,1,0.7,1.3,0.8,2.7,7.2,1527,15.2,0.499,0.473,0.195,0.002,9.7,21.5,15.7,7.1,1.7,4.6,9.9,17.2,105,102,1.2,2.2,3.4,0.107
2012-2013,DeMarre Carroll,Forward,Atlanta Hawks,"$2,557,545",2,26,66,12,16.8,2.3,4.9,0.46,0.3,1.1,0.286,2,3.8,0.508,1.1,1.5,0.765,1.3,1.5,2.8,0.9,0.9,0.4,0.5,1.8,6,1111,15.5,0.535,0.491,0.302,0.216,9.1,10.8,9.9,8.7,2.8,1.7,8.5,16.4,115,106,2,1.1,3.1,0.134
2011-2012,Jeremy Tyler,Center,Atlanta Hawks,"$884,293",2,20,42,23,13.5,2.1,5,0.421,0,0,0,2.1,5,0.423,0.7,1.2,0.558,1.3,2,3.3,0.4,0.4,0.5,0.9,2,4.9,568,10.4,0.442,0.421,0.249,0.005,10.8,17.1,14,4.5,1.5,2.7,13.4,21.8,89,108,-0.5,0.4,-0.2,-0.014
2012-2013,Al Jefferson,Center,Charlotte Bobcats,"$13,500,000",3,28,78,78,33.1,7.8,15.8,0.494,0,0.2,0.118,7.8,15.6,0.5,2.1,2.8,0.77,2,7.2,9.2,2.1,1,1.1,1.3,2.2,17.8,2578,20.9,0.522,0.495,0.176,0.014,7,25.9,16.3,12,1.6,2.7,7.3,25.3,109,104,4.3,3.3,7.7,0.143
2008-2009,Ben Gordon,Guard,Charlotte Bobcats,"$10,000,000",5,25,82,76,36.6,7.3,16,0.455,2.1,5.1,0.41,5.2,10.9,0.476,4,4.7,0.864,0.6,2.8,3.5,3.4,0.9,0.3,2.4,2.2,20.7,2999,17,0.573,0.521,0.29,0.321,2,8.8,5.4,15.9,1.2,0.5,11.9,25,112,112,5.2,1.7,6.9,0.11
2012-2013,Gerald Henderson,Guard,Charlotte Bobcats,"$6,000,000",3,25,68,58,31.4,5.6,12.6,0.447,0.5,1.5,0.33,5.1,11.1,0.462,3.8,4.6,0.824,0.8,2.9,3.7,2.6,1,0.5,1.6,2.2,15.5,2133,16.4,0.531,0.466,0.366,0.117,2.9,10.8,6.7,15.6,1.7,1.3,9.8,23.5,107,113,2.9,0.3,3.3,0.073
2011-2012,Ramon Sessions,Guard,Charlotte Bobcats,"$5,000,000",2,25,64,23,26.7,3.8,8.8,0.428,0.7,1.5,0.443,3.1,7.3,0.425,3,3.9,0.782,0.5,2.8,3.3,5.5,0.7,0,2.2,1.6,11.3,1707,16.7,0.535,0.466,0.439,0.172,2.2,12,7.1,35.5,1.4,0.1,17.3,21.6,108,109,2.9,0.8,3.7,0.104
2012-2013,Josh McRoberts,Forward,Charlotte Bobcats,"$2,652,000",2,25,67,22,22.2,2.3,5.1,0.455,0.4,1.3,0.286,2,3.9,0.51,1,1.3,0.765,1.4,3.5,4.9,2.1,0.5,0.4,1,2,6,1487,12.7,0.527,0.49,0.248,0.245,7,18.1,12.4,14.8,1.1,1.4,14.8,13.7,109,110,1.5,0.7,2.2,0.072
2011-2012,Brendan Haywood,Center,Charlotte Bobcats,"$2,050,000",4,32,54,54,21.2,2.2,4.2,0.518,0,0,0,2.2,4.2,0.518,0.8,1.8,0.469,2.6,3.4,6,0.4,0.4,1,0.9,2.2,5.2,1146,12.9,0.52,0.518,0.421,0,13.7,18,15.9,2.6,1.1,3.8,14.5,12.8,107,101,1.1,1.6,2.7,0.114
2012-2013,Jannero Pargo,Guard,Charlotte Bobcats,"$1,399,507",1,33,32,0,15.8,2.4,6.6,0.368,1.2,3.6,0.336,1.2,3,0.406,0.4,0.4,0.923,0.3,0.8,1.1,2.1,0.6,0.1,1.3,1.3,6.5,507,10.3,0.475,0.46,0.061,0.547,2.2,5.7,3.9,22.8,1.9,0.5,15.8,23.3,92,111,-0.4,0.2,-0.2,-0.017
2012-2013,Anthony Tolliver,Forward,Charlotte Bobcats,"$1,027,424",1,27,62,11,15.5,1.3,3.5,0.38,0.7,2.1,0.338,0.6,1.3,0.446,0.7,0.8,0.863,0.5,2,2.5,0.5,0.2,0.2,0.6,1.1,4.1,963,8.4,0.531,0.484,0.236,0.616,3.7,14.5,9.2,4.8,0.8,1,13.1,13.2,102,107,0.3,0.9,1.2,0.059
2010-2011,Jeff Adrien,Forward,Charlotte Bobcats,"$653,356",2,24,23,0,8.5,1,2.3,0.426,0,0,0,1,2.3,0.426,0.5,0.8,0.579,1,1.5,2.5,0.4,0.2,0.2,0.4,1.2,2.5,196,11.3,0.457,0.426,0.352,0,13,20.7,16.8,7.3,1,1.9,12.6,16.1,102,110,0.1,0.1,0.2,0.051
2010-2011,Nene,Center,Washington Wizards,"$13,000,000",5,28,75,75,30.5,5.4,8.7,0.615,0,0.1,0.2,5.3,8.7,0.618,3.8,5.4,0.711,1.9,5.7,7.6,2,1.1,1,1.8,3.2,14.5,2291,20.4,0.657,0.615,0.615,0.008,7.5,20.8,14.4,10.4,1.8,2.4,13.9,18.8,123,104,6.4,3.1,9.6,0.201
2008-2009,Trevor Ariza,Forward,Washington Wizards,"$5,854,000",5,23,82,20,24.4,3.3,7.3,0.46,0.7,2.3,0.319,2.6,4.9,0.526,1.5,2.1,0.71,1.4,2.9,4.3,1.8,1.7,0.3,1.1,2,8.9,1999,15.5,0.544,0.511,0.284,0.32,6.4,13.4,10,10.4,3.5,0.9,11.5,16.6,112,102,2.5,3.5,6.1,0.146
2012-2013,Martell Webster,Forward,Washington Wizards,"$5,150,000",4,26,76,62,28.9,3.7,8.4,0.442,1.8,4.3,0.422,1.9,4,0.463,2.2,2.6,0.848,0.7,3.2,3.9,1.9,0.6,0.2,1.2,2.2,11.4,2200,13.9,0.601,0.551,0.311,0.517,2.7,12.2,7.4,10.7,1.2,0.6,11.1,16.9,115,106,3.9,2.4,6.3,0.138
2012-2013,Eric Maynor,Guard,Washington Wizards,"$2,016,000",2,25,64,0,15,1.7,4.4,0.377,0.5,1.5,0.354,1.1,2.9,0.389,0.7,1,0.726,0.1,0.6,0.7,2.8,0.3,0,1.2,0.9,4.5,963,9.3,0.472,0.438,0.221,0.342,1.1,4.4,2.8,28.7,1.2,0.1,20.4,18.4,96,112,-0.1,0.3,0.2,0.008
2012-2013,Al Harrington,Center,Washington Wizards,"$1,399,507",1,32,10,0,11.9,2,5.7,0.351,0.8,3,0.267,1.2,2.7,0.444,0.3,0.4,0.75,0.6,2.1,2.7,1,0.4,0.1,0.7,1.8,5.1,119,10.3,0.434,0.421,0.07,0.526,5.7,19.9,12.8,13.7,1.8,0.6,10.6,25.1,90,107,-0.1,0.1,0,-0.012
2012-2013,Garrett Temple,Guard,Washington Wizards,"$916,099",1,26,51,36,22.7,2.1,5.1,0.407,0.5,1.6,0.325,1.5,3.5,0.444,0.5,0.7,0.703,0.6,1.8,2.4,2.3,1,0.3,1.2,1.8,5.1,1156,8.8,0.478,0.457,0.143,0.31,2.8,9.1,5.9,15.5,2.3,1.2,18.2,13.2,94,104,-0.3,1.5,1.2,0.049
2008-2009,Hedo Turkoglu,Forward,Orlando Magic,"$9,000,000",5,29,77,77,36.6,5.5,13.3,0.413,1.7,4.9,0.356,3.8,8.4,0.445,4.1,5.1,0.807,0.6,4.7,5.3,4.9,0.8,0.2,2.6,2.8,16.8,2815,14.8,0.541,0.478,0.38,0.367,1.8,14.2,8.2,22.5,1.2,0.5,14.6,23,107,104,3,4.4,7.3,0.125
2011-2012,Jameer Nelson,Guard,Orlando Magic,"$8,600,000",3,29,57,57,29.9,4.5,10.6,0.427,1.5,4.1,0.377,3,6.6,0.459,1.2,1.5,0.807,0.5,2.7,3.2,5.7,0.7,0.1,2.4,2.3,11.9,1706,14.6,0.524,0.499,0.145,0.381,1.9,10.4,6.1,34,1.2,0.2,17.3,21.4,106,107,2.3,1.2,3.5,0.099
2010-2011,Arron Afflalo,Guard,Orlando Magic,"$5,885,671",5,25,69,69,33.7,4.5,9.1,0.498,1.5,3.6,0.423,3,5.5,0.546,2,2.4,0.847,0.7,3,3.6,2.4,0.5,0.4,1,2.2,12.6,2324,13.6,0.62,0.581,0.26,0.396,2.3,9.9,6.2,10.9,0.7,1,9.2,14.8,123,111,4.8,1.4,6.2,0.128
2010-2011,Glen Davis,Center,Orlando Magic,"$5,070,732",4,25,78,13,29.5,4.6,10.3,0.448,0,0.2,0.133,4.6,10.1,0.454,2.5,3.4,0.736,1.3,4.2,5.4,1.2,1,0.4,1.1,3,11.7,2298,12.8,0.499,0.449,0.331,0.019,5.7,16.4,11.4,6.6,1.8,1,8.5,20.9,101,100,0.6,4.3,4.9,0.102
2012-2013,Jason Maxiell,Forward,Orlando Magic,"$2,500,000",2,29,72,71,24.8,2.8,6.3,0.446,0,0,0,2.8,6.3,0.446,1.3,2,0.621,1.9,3.8,5.7,0.8,0.4,1.3,1.1,2.4,6.9,1789,11.3,0.478,0.446,0.317,0,8.5,18,13.2,4.7,0.9,4.2,13.5,15.3,98,107,0.1,1.7,1.8,0.047
2012-2013,Ronnie Price,Guard,Orlando Magic,"$1,265,977",2,29,39,0,13.1,1,3.1,0.325,0.3,1,0.256,0.7,2.1,0.358,0.4,0.6,0.708,0.3,0.8,1.1,1.9,0.7,0.1,0.9,1.6,2.7,510,6.8,0.402,0.367,0.2,0.325,2.9,7.2,5,21,2.7,0.4,20.7,14.8,88,109,-0.5,0.3,-0.2,-0.017
2012-2013,Kris Humphries,Forward,Boston Celtics,"$12,000,000",2,26,62,62,34.9,5.2,10.8,0.481,0,0,0,5.2,10.8,0.481,3.4,4.5,0.752,3.8,7.2,11,1.5,0.8,1.2,1.9,2.8,13.8,2162,17.9,0.539,0.481,0.414,0,12.2,24.8,18.3,7.4,1.2,2.6,13,19.3,110,106,3.6,1.7,5.3,0.118
2012-2013,Rajon Rondo,Guard,Boston Celtics,"$11,954,545",2,26,38,38,37.4,5.9,12.2,0.484,0.3,1.3,0.24,5.6,10.9,0.513,1.6,2.4,0.645,1.1,4.4,5.6,11.1,1.8,0.2,3.9,2.5,13.7,1423,18.1,0.516,0.497,0.2,0.108,3.7,13.6,8.8,49.3,2.6,0.5,22.6,21.7,103,103,1.2,2,3.2,0.108
2011-2012,Gerald Wallace,Forward,Boston Celtics,"$9,682,435",4,29,58,58,35.8,4.9,10.9,0.454,0.8,2.6,0.307,4.2,8.3,0.5,3.1,3.9,0.8,1.5,5.2,6.7,2.8,1.5,0.6,1.9,2.5,13.8,2076,15.9,0.547,0.491,0.356,0.237,4.8,17.2,10.8,13.2,2.2,1.3,13.2,18.6,109,106,3,1.8,4.8,0.112
2010-2011,Jeff Green,Forward,Boston Celtics,"$8,100,000",4,24,75,51,32.4,4.9,10.9,0.449,0.9,2.8,0.303,4.1,8.1,0.499,2.6,3.3,0.811,1,3.8,4.8,1.4,0.7,0.5,1.3,2.8,13.3,612,12.9,0.553,0.505,0.312,0.134,3.4,13.3,8.6,5.1,1.1,2,9.1,19.8,106,102,0.5,1,1.5,0.118
2011-2012,Brandon Bass,Forward,Boston Celtics,"$6,000,000",3,26,59,39,31.7,5.1,10.7,0.479,0,0,0,5.1,10.7,0.479,2.2,2.8,0.81,1.6,4.6,6.2,0.9,0.6,0.9,1.1,2.3,12.5,1868,14.1,0.524,0.479,0.258,0,6.3,16.3,11.5,5.1,1,2.2,8.5,19.8,103,99,1.5,3.2,4.7,0.122
2011-2012,Courtney Lee,Guard,Boston Celtics,"$5,000,000",4,26,58,26,30.3,4.3,10,0.433,1.5,3.7,0.401,2.8,6.3,0.452,1.2,1.5,0.826,0.4,2.3,2.7,1.5,1.2,0.4,1.1,1.8,11.4,1757,12.6,0.534,0.508,0.148,0.374,1.7,8.9,5.2,7.9,2,0.9,9.4,17.6,106,107,1.8,1.4,3.2,0.087
2012-2013,Keith Bogans,Guard,Boston Celtics,"$5,058,198",3,32,74,23,19,1.5,3.8,0.38,1.1,3.3,0.343,0.3,0.5,0.615,0.1,0.2,0.647,0.2,1.4,1.6,1,0.4,0.1,0.7,1.5,4.2,1408,6.7,0.533,0.528,0.06,0.863,1.3,8.8,5,8.1,1.1,0.2,14.4,11.2,105,110,0.7,0.7,1.4,0.047
2009-2010,Rudy Gay,Forward,Toronto Raptors,"$17,888,932",5,23,80,80,39.7,7.5,16.1,0.466,0.8,2.5,0.327,6.7,13.6,0.492,3.8,5,0.753,1.4,4.5,5.9,1.9,1.5,0.8,2.1,2.5,19.6,3175,16.2,0.535,0.491,0.311,0.157,4.2,13.2,8.7,7.8,1.9,1.5,10.3,22.5,109,110,4,2.4,6.4,0.096
2012-2013,DeMar DeRozan,Guard,Toronto Raptors,"$9,500,000",4,23,82,82,36.7,6.7,15,0.445,0.4,1.5,0.283,6.3,13.5,0.463,4.3,5.2,0.831,0.6,3.3,3.9,2.5,0.9,0.3,1.8,2.1,18.1,3013,14.7,0.523,0.459,0.347,0.097,1.9,10.9,6.3,12,1.3,0.6,9.6,24.2,105,110,3.1,1.6,4.7,0.075
2009-2010,Amir Johnson,Forward,Toronto Raptors,"$5,000,000",5,22,82,5,17.7,2.5,4.1,0.623,0,0,0,2.5,4,0.63,1.2,1.8,0.638,1.9,2.9,4.8,0.6,0.5,0.8,0.8,3.1,6.2,1453,16.7,0.639,0.623,0.446,0.012,12.9,19.1,16.1,5,1.6,3.5,13.6,14.5,124,110,3.4,1.1,4.5,0.15
2011-2012,Landry Fields,Forward,Toronto Raptors,"$6,250,000",3,23,66,62,28.7,3.6,7.8,0.46,0.5,1.8,0.256,3.1,5.9,0.523,1.2,2.1,0.562,0.9,3.3,4.2,2.6,1.2,0.3,1.5,1.5,8.8,1894,12,0.506,0.49,0.267,0.236,3.6,13.5,8.5,14.5,2.1,0.7,15.1,16,100,102,0.8,2.6,3.4,0.085
2009-2010,Kyle Lowry,Guard,Toronto Raptors,"$5,750,000",4,23,68,0,24.3,2.7,6.8,0.397,0.5,2,0.272,2.2,4.8,0.448,3.2,3.8,0.827,1.3,2.3,3.6,4.5,0.9,0.1,1.7,2.5,9.1,1651,15.5,0.536,0.436,0.56,0.293,6.1,11.2,8.6,27.7,1.9,0.4,16.7,18.6,113,109,2.9,1.4,4.3,0.126
2012-2013,Marcus Camby,Forward,Toronto Raptors,"$2,763,054",2,38,24,4,10.4,0.7,2.2,0.321,0,0,0,0.7,2.2,0.321,0.3,0.8,0.421,1,2.3,3.3,0.6,0.3,0.6,0.6,1.2,1.8,250,8.6,0.342,0.321,0.358,0,10.9,27.1,18.7,8.1,1.5,4.8,19.6,14.3,82,101,-0.4,0.4,0,0.007
2011-2012,Steve Novak,Forward,Toronto Raptors,"$4,054,055",4,28,54,0,18.9,3,6.2,0.478,2.5,5.2,0.472,0.5,1,0.509,0.4,0.5,0.846,0.2,1.8,1.9,0.2,0.3,0.2,0.4,1.1,8.8,1020,15.9,0.684,0.675,0.077,0.837,1,10.9,5.9,2,0.8,0.7,5.7,16.2,129,105,2.9,0.9,3.9,0.181
2012-2013,Tyler Hansbrough,Forward,Toronto Raptors,"$3,183,000",2,27,81,8,16.9,2.2,5,0.432,0,0,0,2.2,5,0.436,2.7,3.7,0.72,2,2.6,4.6,0.4,0.4,0.2,1,1.9,7,1366,15.3,0.527,0.432,0.737,0.007,13.4,17,15.2,4.4,1.1,1,12.6,20.6,110,101,2.1,2.2,4.4,0.154
2011-2012,Aaron Gray,Center,Toronto Raptors,"$2,575,000",2,27,49,40,16.6,1.7,3.3,0.516,0,0,0,1.7,3.3,0.516,0.5,1,0.532,1.7,4,5.7,0.6,0.4,0.3,1,2.6,3.9,813,11.1,0.526,0.516,0.292,0,12.1,28.3,20.3,5.5,1.5,1.7,21.9,13.5,98,100,0.1,1.3,1.4,0.082
2012-2013,Quentin Richardson,Forward,Toronto Raptors,"$4,347,184",3,32,1,0,29,1,11,0.091,1,4,0.25,0,7,0,2,2,1,5,5,10,1,0,0,2,1,5,29,0.7,0.21,0.136,0.182,0.364,19.5,20.9,20.2,4.8,0,0,14.4,22.4,67,110,-0.1,0,-0.1,-0.181
2012-2013,D.J. Augustin,Guard,Toronto Raptors,"$1,267,000",1,25,76,5,16.1,1.4,3.9,0.35,0.9,2.5,0.353,0.5,1.4,0.346,1.1,1.3,0.838,0.3,0.9,1.2,2.2,0.4,0,0.9,0.8,4.7,1226,11,0.527,0.464,0.337,0.646,1.9,6.3,4.1,21.6,1.5,0.2,16.8,15.1,109,104,1.4,1.5,2.8,0.112
2012-2013,Austin Daye,Forward,Toronto Raptors,"$947,907",1,24,55,0,12.3,1.6,3.8,0.433,0.7,1.8,0.418,0.9,2,0.445,0.5,0.6,0.765,0.3,1.9,2.2,0.8,0.3,0.4,0.5,1.5,4.5,676,12.9,0.554,0.531,0.163,0.471,2.7,18.8,10.6,10.1,1.1,2.6,11.5,17.1,109,104,0.8,0.9,1.6,0.117
2010-2011,Thaddeus Young,Forward,Philadelphia 76ers,"$7,478,261",5,22,82,1,26,5.6,10.3,0.541,0.1,0.3,0.273,5.5,10.1,0.548,1.5,2.1,0.707,1.9,3.4,5.3,1,1.1,0.3,1.2,2.1,12.7,2135,18.4,0.566,0.544,0.205,0.026,8.3,15.2,11.7,6.7,2.2,0.9,9.7,22.1,110,104,3.2,3,6.2,0.139
2011-2012,Spencer Hawes,Center,Philadelphia 76ers,"$6,500,000",2,23,37,29,24.9,4.2,8.6,0.489,0.1,0.3,0.25,4.1,8.3,0.498,1.1,1.5,0.727,2.1,5.2,7.3,2.6,0.4,1.3,1.5,2.7,9.6,920,18.1,0.517,0.494,0.172,0.038,9.4,23.3,16.3,17.6,0.9,3.9,13.8,20.3,105,97,1.1,1.9,2.9,0.152
2010-2011,Jason Richardson,Guard,Philadelphia 76ers,"$5,395,000",4,30,80,80,33.9,5.9,13.2,0.447,2.4,6,0.395,3.5,7.2,0.49,1.5,2,0.73,0.8,3.3,4.1,1.8,1.2,0.2,1.2,2,15.6,2715,15,0.555,0.536,0.151,0.454,2.9,11.1,7.1,9.2,1.8,0.4,7.8,20.6,110,106,3.6,3.3,6.9,0.123
2011-2012,Lavoy Allen,Forward,Philadelphia 76ers,"$3,000,000",2,22,41,15,15.2,1.9,4.1,0.473,0,0,0,1.9,4.1,0.473,0.3,0.3,0.786,1.1,3,4.2,0.8,0.3,0.4,0.5,1.8,4.1,624,12.7,0.488,0.473,0.084,0,8.3,22.2,15.2,8.4,1.1,2.2,10.4,14.5,104,98,0.4,1.2,1.6,0.124
2012-2013,Kwame Brown,Center,Philadelphia 76ers,"$2,945,901",1,30,22,11,12.2,0.8,1.7,0.459,0,0,0,0.8,1.7,0.459,0.3,0.9,0.368,1,2.3,3.4,0.4,0.3,0.5,0.4,1.7,1.9,269,8.8,0.452,0.459,0.514,0,9.4,22.1,15.5,4.7,1.2,2.9,15,9.1,100,103,0,0.4,0.4,0.071
2012-2013,Darius Morris,Guard,Philadelphia 76ers,"$200,000",1,22,48,17,14.2,1.5,3.9,0.388,0.5,1.4,0.364,1,2.5,0.402,0.5,0.8,0.649,0.5,0.7,1.2,1.6,0.4,0,0.9,1.2,4,683,8.1,0.475,0.452,0.197,0.351,4,5.2,4.6,16.8,1.6,0.2,18.1,16.2,96,110,-0.1,0.3,0.2,0.016
2011-2012,James Anderson,Guard,Philadelphia 76ers,"$532,737",3,22,51,2,11.8,1.3,3.4,0.379,0.4,1.3,0.279,0.9,2.1,0.443,0.8,1,0.75,0.3,1.2,1.5,0.8,0.2,0,0.6,0.7,3.7,603,8.8,0.483,0.434,0.299,0.391,3.1,11.8,7.5,9.6,0.7,0.2,13.2,17.2,97,107,0.1,0.4,0.5,0.04
2009-2010,Joe Johnson,Guard,Brooklyn Nets,"$16,324,500",6,28,76,76,38,8.4,18.2,0.458,1.7,4.6,0.369,6.7,13.6,0.488,2.9,3.5,0.818,1,3.7,4.6,4.9,1.1,0.1,1.9,1.9,21.3,2886,19.3,0.538,0.505,0.194,0.253,3,11.4,7.1,22,1.5,0.1,8.8,26.3,112,109,6,2.4,8.4,0.14
2011-2012,Deron Williams,Guard,Brooklyn Nets,"$17,177,795",5,27,55,55,36.3,7.1,17.5,0.407,2.1,6.2,0.336,5,11.3,0.446,4.7,5.5,0.843,0.4,2.9,3.3,8.7,1.2,0.4,4,2.2,21,1999,20.3,0.527,0.467,0.317,0.356,1.3,9.6,5.3,46.6,1.8,0.8,16.7,30.1,106,111,3.7,0.4,4.1,0.099
2009-2010,Paul Pierce,Forward,Brooklyn Nets,"$13,876,321",4,32,71,71,34,5.8,12.2,0.472,1.5,3.7,0.414,4.2,8.5,0.497,5.2,6.1,0.852,0.5,3.8,4.4,3.1,1.2,0.4,2.3,2.8,18.3,2411,18.2,0.613,0.535,0.499,0.303,2,13.4,7.9,15.1,1.8,1,13.6,23.8,114,105,5,3.3,8.3,0.165
2011-2012,Brook Lopez,Center,Brooklyn Nets,"$13,668,750",4,23,5,5,27.2,7.6,15.4,0.494,0,0,0,7.6,15.4,0.494,4,6.4,0.625,1.6,2,3.6,1.2,0.2,0.8,1.2,1.6,19.2,136,21.9,0.527,0.494,0.416,0,6.6,8.8,7.7,10.2,0.4,2.3,6.2,32.7,107,113,0.3,0,0.3,0.091
2011-2012,Kevin Garnett,Center,Brooklyn Nets,"$11,566,265",3,35,60,60,31.1,6.5,13,0.503,0.1,0.2,0.333,6.5,12.8,0.505,2.7,3.2,0.857,1.1,7.1,8.2,2.9,0.9,1,1.8,2.4,15.8,1864,20.4,0.55,0.505,0.243,0.012,4.4,25.8,15.6,17.9,1.6,2.5,11.1,24.9,106,94,2.6,4.3,6.9,0.178
2011-2012,Jason Terry,Guard,Brooklyn Nets,"$5,000,000",3,34,63,1,31.7,5.7,13.2,0.43,2.2,5.8,0.378,3.5,7.4,0.471,1.6,1.8,0.883,0.3,2.1,2.4,3.6,1.2,0.2,2,1.1,15.1,2000,15.7,0.54,0.513,0.134,0.44,0.9,7.4,4.2,19.9,1.9,0.4,12.6,23.3,103,106,2,1.8,3.8,0.092
2012-2013,Andrei Kirilenko,Forward,Brooklyn Nets,"$3,183,000",2,31,64,64,31.8,4.4,8.8,0.507,0.5,1.9,0.292,3.9,6.9,0.566,2.9,3.9,0.752,1.6,4.1,5.7,2.8,1.5,1,1.9,1.3,12.4,2034,17.6,0.59,0.538,0.446,0.214,5.6,15.1,10.2,14.4,2.4,2.4,15.1,17.4,113,104,3.4,2.6,6,0.142
2011-2012,Reggie Evans,Forward,Brooklyn Nets,"$1,622,617",3,31,56,0,13.8,0.6,1.3,0.472,0,0,0,0.6,1.3,0.472,0.6,1.3,0.507,1.8,3.1,4.8,0.3,0.6,0.1,0.8,2.1,1.9,771,9.2,0.504,0.472,0.986,0,15.3,26.7,20.9,3.1,2.2,0.6,29.9,8.8,101,102,0.2,1,1.3,0.079
2012-2013,Andray Blatche,Center,Brooklyn Nets,"$1,375,604",2,26,82,8,19,4.2,8.2,0.512,0,0.3,0.136,4.2,8,0.524,1.8,2.6,0.685,2,3.1,5.1,1,1,0.7,1.5,2,10.3,1555,21.9,0.547,0.514,0.32,0.033,12.2,19.6,15.8,10.5,3,2.7,13.8,26.5,107,101,2.4,2.5,4.9,0.153
2012-2013,Shaun Livingston,Guard,Brooklyn Nets,"$1,272,279",1,27,66,16,22,2.5,5.2,0.48,0,0.1,0,2.5,5.2,0.485,1.3,1.5,0.867,0.5,1.9,2.4,3.3,0.7,0.5,1.2,1.9,6.3,1455,13,0.536,0.48,0.283,0.012,2.4,10.4,6.2,23.2,1.7,1.7,16.3,14.3,109,109,1.7,0.9,2.6,0.086
2012-2013,Alan Anderson,Forward,Brooklyn Nets,"$947,907",2,30,65,2,23,3.6,9.5,0.383,1.5,4.4,0.333,2.2,5.1,0.426,1.9,2.3,0.857,0.5,1.8,2.3,1.6,0.7,0.1,1.2,2,10.7,1495,12.6,0.509,0.46,0.239,0.463,2.7,9.2,5.9,11.7,1.7,0.4,10.5,23.6,101,110,0.8,0.8,1.6,0.052
2011-2012,Carmelo Anthony,Forward,New York Knicks,"$19,444,504",3,27,55,55,34.1,8,18.6,0.43,1.2,3.7,0.335,6.8,14.9,0.454,5.4,6.7,0.804,1.6,4.7,6.3,3.6,1.1,0.4,2.6,2.8,22.6,1876,21.1,0.525,0.463,0.358,0.198,5.4,15.9,10.6,21,1.7,1,10.8,31.8,106,102,3.7,2.6,6.2,0.16
2009-2010,Amar'e Stoudemire,Forward,New York Knicks,"$16,486,611",5,27,82,82,34.6,8.6,15.4,0.557,0,0.1,0.167,8.6,15.3,0.559,5.9,7.7,0.771,2.8,6.1,8.9,1,0.6,1,2.6,3.4,23.1,2838,22.6,0.615,0.557,0.5,0.005,9.7,18.9,14.5,4.8,0.9,2.1,12.1,27.3,117,109,8.2,2.5,10.7,0.181
2010-2011,Tyson Chandler,Center,New York Knicks,"$13,107,838",4,28,74,74,27.8,3.6,5.5,0.654,0,0,0,3.6,5.5,0.654,2.9,4,0.732,2.8,6.6,9.4,0.4,0.5,1.1,1.2,3.2,10.1,2059,18.4,0.697,0.654,0.725,0,12.2,26.6,19.7,2.4,0.9,3,14.1,14.2,131,102,5.8,3.5,9.4,0.218
2009-2010,Andrea Bargnani,Forward,New York Knicks,"$8,500,000",5,24,80,80,35,6.7,14.3,0.47,1.5,4.1,0.372,5.2,10.2,0.509,2.3,2.9,0.774,1.3,4.9,6.2,1.2,0.3,1.4,1.5,2.7,17.2,2799,15.5,0.552,0.523,0.205,0.284,4.6,15.9,10.4,5.4,0.5,3,8.8,22.3,108,113,3.3,0.9,4.2,0.072
2012-2013,J.R. Smith,Guard,New York Knicks,"$5,565,000",3,27,80,0,33.5,6.6,15.6,0.422,1.9,5.5,0.356,4.7,10.2,0.458,3,3.9,0.762,0.8,4.5,5.3,2.7,1.3,0.3,1.7,2.8,18.1,2678,17.6,0.522,0.484,0.249,0.349,2.7,16.3,9.3,14.5,2,0.8,8.8,26.5,107,106,4,2.7,6.7,0.12
2011-2012,Raymond Felton,Guard,New York Knicks,"$3,480,453",4,27,60,56,31.8,4.4,10.7,0.407,1,3.4,0.305,3.3,7.3,0.453,1.7,2.1,0.806,0.5,2,2.5,6.5,1.3,0.2,2.8,2,11.4,1906,13.4,0.491,0.455,0.193,0.316,1.6,7.6,4.6,33.3,2.2,0.4,19.6,20.8,99,109,0.7,1,1.7,0.042
2012-2013,Metta World Peace,Forward,New York Knicks,"$1,590,000",2,33,75,66,33.7,4.4,11,0.403,1.9,5.5,0.342,2.5,5.5,0.464,1.7,2.3,0.734,1.3,3.6,5,1.5,1.6,0.6,1.3,2.6,12.4,2530,12.5,0.517,0.488,0.205,0.5,4.5,11.5,8.1,6.9,2.5,1.2,9.8,17.5,105,106,1.9,2.6,4.6,0.086
2012-2013,Kenyon Martin,Center,New York Knicks,"$1,399,507",1,35,18,11,23.9,3.1,5.2,0.602,0,0,0,3.1,5.2,0.602,0.9,2.2,0.425,1.9,3.4,5.3,0.4,0.9,0.9,0.9,3.6,7.2,431,13.9,0.583,0.602,0.43,0,8.9,17.1,12.9,2.9,2,3.4,12.6,13.7,114,104,0.6,0.6,1.2,0.128
2012-2013,Beno Udrih,Guard,New York Knicks,"$1,272,279",1,30,66,9,22.1,3.2,7.2,0.441,0.5,1.5,0.333,2.7,5.7,0.471,1.3,1.6,0.816,0.5,1.6,2.1,4.6,0.6,0,1.6,1.4,8.2,1457,14.2,0.516,0.477,0.216,0.214,2.5,8.2,5.3,32.3,1.5,0.2,17.2,19.3,106,111,1.5,0.7,2.2,0.071
2012-2013,Jeremy Tyler,Center,New York Knicks,"$884,293",2,21,21,0,3.2,0.4,1.1,0.375,0,0,0,0.4,1.1,0.375,0.2,0.3,0.667,0.3,0.7,1,0,0,0.1,0.3,0.5,1,68,6.2,0.413,0.375,0.25,0,10,22.3,16.3,2.3,0.7,2.3,18.4,21.5,80,104,-0.2,0.1,-0.1,-0.049